id,region_id,name,code,type
1,1,AKSRI,80322,COMMUNITY
2,1,AMSKROUD,80302,COMMUNITY
3,1,AOURIR,80750,COMMUNITY
4,1,AZIAR,80325,COMMUNITY
5,1,BENSERGAO,80007,COMMUNITY
6,1,DRARGUA,80044,COMMUNITY
7,1,IDMINE,80323,COMMUNITY
8,1,IMOUZZER IDA OU TANANE,80303,COMMUNITY
9,1,IMSOUANE,80043,COMMUNITY
10,1,SEBT ASSAKA,80522,COMMUNITY
11,1,TAALAT,80102,COMMUNITY
12,1,TADRART,80326,COMMUNITY
13,1,TAGHAZOUTE,80022,COMMUNITY
14,1,TAMRAGHT,80023,COMMUNITY
15,1,TAMRI,80502,COMMUNITY
16,1,TIKIOUINE,80652,COMMUNITY
17,1,TIQQI,80324,COMMUNITY
18,8,ABADOU,42072,COMMUNITY
19,8,AGHBALOU,42472,COMMUNITY
20,8,AGHBAR,42153,COMMUNITY
21,8,AGHOUATIM,42304,COMMUNITY
22,8,AIT AADEL,42073,COMMUNITY
23,8,AIT FASKA,42082,COMMUNITY
24,8,AIT HKIM AIT YZID,42053,COMMUNITY
25,8,AIT OURIR,42050,COMMUNITY
26,8,AIT SIDI DAOUD,42083,COMMUNITY
27,8,AMGHRAS,42104,COMMUNITY
28,8,AMIZMIZ,42103,COMMUNITY
29,8,ANOUGAL,42124,COMMUNITY
30,8,ARBAA TIRHEDOUINE,42074,COMMUNITY
31,8,ASNI,42152,COMMUNITY
32,8,AZGOUR,42122,COMMUNITY
33,8,DAR JAMAA,42105,COMMUNITY
34,8,GHMATE,42252,COMMUNITY
35,8,HAD ABADALLAH GHIATE,40066,COMMUNITY
36,8,HAD ZERKTEN,42075,COMMUNITY
37,8,IGHIL,42154,COMMUNITY
38,8,IGOUDAR,42402,COMMUNITY
39,8,IGUERFEROUANE,42054,COMMUNITY
40,8,IJOUKAK,42155,COMMUNITY
41,8,IMGDAL,42172,COMMUNITY
42,8,LALLA TAKARKOUSTE,42202,COMMUNITY
43,8,MOULAY BRAHIM,42174,COMMUNITY
44,8,OUAZGUITA,42106,COMMUNITY
45,8,OUIRGANE,42173,COMMUNITY
46,8,OUKAIMEDEN,40273,COMMUNITY
47,8,OULAD MTAA,42112,COMMUNITY
48,8,SIDI BADHAJ,42113,COMMUNITY
49,8,STI FADMA,42303,COMMUNITY
50,8,TADDART,42076,COMMUNITY
51,8,TAHANAOUTE,42302,COMMUNITY
52,8,TAMAGUERT,42055,COMMUNITY
53,8,TAMAZOUZTE,42272,COMMUNITY
54,8,TAMESLOUHTE,42312,COMMUNITY
55,8,TAZZARTE,42084,COMMUNITY
56,8,TIDILI MESFIOUA,42085,COMMUNITY
57,8,TIZGUINE,42102,COMMUNITY
58,8,TLETA NYACOUB,42353,COMMUNITY
59,8,TNINE OURIKA,42452,COMMUNITY
60,8,TOUAMA,42086,COMMUNITY
61,9,ABDELGHAYA SOUAHEL,32354,COMMUNITY
62,9,AIN BENABBOU,32372,COMMUNITY
63,9,AIT KAMRA,32022,COMMUNITY
64,9,AIT YOUSSEF OU ALI,32003,COMMUNITY
65,9,AJDIR,35052,COMMUNITY
66,9,ARBAA TAOURIRT,32004,COMMUNITY
67,9,BENI GMIL MESTASSA,32122,COMMUNITY
68,9,BNI ABDALLAH,32172,COMMUNITY
69,9,BNI AHMED IMOUKZAN,32355,COMMUNITY
70,9,BNI AMMART,32352,COMMUNITY
71,9,BNI BCHIR,32374,COMMUNITY
72,9,BNI BOUAYACH,32050,COMMUNITY
73,9,BNI BOUCHIBET,32356,COMMUNITY
74,9,BNI BOUFRAH,32102,COMMUNITY
75,9,BNI BOUNSAR,32373,COMMUNITY
76,9,BNI GMIL MAKSOULINE,32103,COMMUNITY
77,9,BNI HADIFA,32152,COMMUNITY
78,9,CHAKRANE,32023,COMMUNITY
79,9,IKAOUEN,32322,COMMUNITY
80,9,IMRABTEN,32202,COMMUNITY
81,9,IMZOUREN,32250,COMMUNITY
82,9,ISSAGUEN,32302,COMMUNITY
83,9,IZEMMOUREN,32024,COMMUNITY
84,9,KETAMA,32323,COMMUNITY
85,9,LOUTA,32033,COMMUNITY
86,9,MOULAY AHMED CHERIF,32362,COMMUNITY
87,9,NEKKOUR,32072,COMMUNITY
88,9,ROUADI,32006,COMMUNITY
89,9,SENADA,32013,COMMUNITY
90,9,SIDI BOUTMIM,32363,COMMUNITY
91,9,SIDI BOUZINEB,32375,COMMUNITY
92,9,TABARANNT,32324,COMMUNITY
93,9,TAGHZOUT,32325,COMMUNITY
94,9,TAMSAOUT,32364,COMMUNITY
95,9,TARGUIST,32350,COMMUNITY
96,9,TIFAROUINE,32032,COMMUNITY
97,9,TIZI TCHEN,32326,COMMUNITY
98,9,TORRES DE ALCALA,32014,COMMUNITY
99,9,ZAOUIAT SIDI ABDELKADER,32026,COMMUNITY
100,9,ZARKAT,32034,COMMUNITY
101,9,ZARKT,32365,COMMUNITY
102,11,AGHOUINITE,74003,COMMUNITY
103,11,AOUSSERD,74002,COMMUNITY
104,11,BIR GANDOUZ,74004,COMMUNITY
105,11,LAGOUIRA,74005,COMMUNITY
106,11,TICHLA,74006,COMMUNITY
107,11,ZOUG,74012,COMMUNITY
108,12,AL MAHBASS,81036,COMMUNITY
109,12,AOUINT LAHNA,81212,COMMUNITY
110,12,AOUINT YGHOMANE,81213,COMMUNITY
111,12,ASSA,81010,COMMUNITY
112,12,LABOUIRAT,81035,COMMUNITY
113,12,TOUIZGUI,81214,COMMUNITY
114,12,ZAG,81006,COMMUNITY
115,2,ABACHKOU,22472,COMMUNITY
116,2,AFOURER,22052,COMMUNITY
117,2,AGHBALOU ZAOUIA,22272,COMMUNITY
118,2,AGOUDI NLKHAIR,22013,COMMUNITY
119,2,AIT ABBAS,22006,COMMUNITY
120,2,AIT ATTAB,22102,COMMUNITY
121,2,AIT BLAL,22322,COMMUNITY
122,2,AIT BOU OULLI,22012,COMMUNITY
123,2,AIT MAJDEN,22303,COMMUNITY
124,2,AIT MAZIGH,22403,COMMUNITY
125,2,AIT MHAMED,22152,COMMUNITY
126,2,AIT OUARDA,22072,COMMUNITY
127,2,AIT OUMDIS,22304,COMMUNITY
128,2,AIT TAGUELLA,22572,COMMUNITY
129,2,AIT TAMEJOUTE,22522,COMMUNITY
130,2,AIT TAMLIL,22323,COMMUNITY
131,2,ANERGUI,22622,COMMUNITY
132,2,ANZOU,22324,COMMUNITY
133,2,ARBAA OU AOULA,22573,COMMUNITY
134,2,ARBAA OUAKABLI,22523,COMMUNITY
135,2,AZILAL,22000,COMMUNITY
136,2,BINE EL OUIDANE,22202,COMMUNITY
137,2,BNI AYAT,22652,COMMUNITY
138,2,BNI HASSANE,22372,COMMUNITY
139,2,BOUANTAR,22574,COMMUNITY
140,2,BZOU,22250,COMMUNITY
141,2,DEMNATE,22300,COMMUNITY
142,2,FOUM JEMAA,22353,COMMUNITY
143,2,IGMIR,22172,COMMUNITY
144,2,IMADAHEN,22273,COMMUNITY
145,2,IMLIL,22305,COMMUNITY
146,2,ISSEKSI,22406,COMMUNITY
147,2,KHEMIS MAJDEN,22575,COMMUNITY
148,2,MOULAY AISSA BEN DRISS,22252,COMMUNITY
149,2,OUAOUIZARHT,22402,COMMUNITY
150,2,OUZOUD,22576,COMMUNITY
151,2,RFALA,22274,COMMUNITY
152,2,SIDI BOULKHALF,22306,COMMUNITY
153,2,SIDI YACOUB,22312,COMMUNITY
154,2,SKATT,22022,COMMUNITY
155,2,TABANNT,22452,COMMUNITY
156,2,TABAROUCHT,22405,COMMUNITY
157,2,TABIA,22373,COMMUNITY
158,2,TAGUELFT,22502,COMMUNITY
159,2,TAMDA NOUMERCID,22014,COMMUNITY
160,2,TANANNT,22552,COMMUNITY
161,2,TAOUNZA,22122,COMMUNITY
162,2,TIDILI FETOUAKA,22325,COMMUNITY
163,2,TIFFERT NAIT HAMZA,22404,COMMUNITY
164,2,TIFNI,22326,COMMUNITY
165,2,TILOUGGUITE,22602,COMMUNITY
166,2,TISLIT,22352,COMMUNITY
167,2,TISQI,22253,COMMUNITY
168,2,TNINE TIMOULILT,22702,COMMUNITY
169,2,ZAOUIA AHENSAL,22002,COMMUNITY
170,2,AIT OUM EL BEKHT,23154,COMMUNITY
171,2,ARHBALA,23052,COMMUNITY
172,2,BOUTFARDA,23072,COMMUNITY
173,2,DOUAR AIT ALI,23376,COMMUNITY
174,2,EL BAZZAZA,23522,COMMUNITY
175,2,EL KRAZZA,23572,COMMUNITY
176,2,EL KSIBA,23150,COMMUNITY
177,2,FECHTALA,23272,COMMUNITY
178,2,FERYATA,23672,COMMUNITY
179,2,FOUM EL ANSER,23252,COMMUNITY
180,2,FOUM OUDI,23006,COMMUNITY
181,2,GHORM EL ALEM,23673,COMMUNITY
182,2,GUETTAYA,23372,COMMUNITY
183,2,KASBA TADLA,23350,COMMUNITY
184,2,LAAYAYTA,23022,COMMUNITY
185,2,LAHLALMA,23322,COMMUNITY
186,2,M'GHILA,23023,COMMUNITY
187,2,NAOUR,23155,COMMUNITY
188,2,OULAD ALI LOUED,23323,COMMUNITY
189,2,OULAD DRISS BRADIA,23324,COMMUNITY
190,2,OULAD GNAOUA,23156,COMMUNITY
191,2,OULAD HASSOUN,23225,COMMUNITY
192,2,OULAD SAID EL OUED,23373,COMMUNITY
193,2,OULED ABDELLAH,23226,COMMUNITY
194,2,OULED MBAREK,23452,COMMUNITY
195,2,OULED YAICHE,23502,COMMUNITY
196,2,OULED YOUSSEF,23374,COMMUNITY
197,2,SEMGUET,23375,COMMUNITY
198,2,SIDI AISSA,23574,COMMUNITY
199,2,SIDI JABER,23602,COMMUNITY
200,2,TAGHZIRT,23652,COMMUNITY
201,2,TANORHA,23674,COMMUNITY
202,2,TIZI NISLY,23073,COMMUNITY
203,2,ZAOUIAT CHEIKH,23700,COMMUNITY
204,2,ZOUAIR,23523,COMMUNITY
205,4,AHLAF,13322,COMMUNITY
206,4,AIN TIZGHA,13016,COMMUNITY
207,4,BENNABET,13022,COMMUNITY
208,4,BENSLIMANE,13000,COMMUNITY
209,4,BESSABES,13023,COMMUNITY
210,4,BIR ENNASR,13103,COMMUNITY
211,4,BOUZNIKA,13100,COMMUNITY
212,4,CHERRAT,13104,COMMUNITY
213,4,EL KRASSI,13024,COMMUNITY
214,4,EL MANSOURIA,13072,COMMUNITY
215,4,FEDALATE,13003,COMMUNITY
216,4,MELLILA,13202,COMMUNITY
217,4,MOUALINE EL GHABA,13013,COMMUNITY
218,4,MOULAINE EL OUED,13033,COMMUNITY
219,4,OULAD ALI TOUALAA,13014,COMMUNITY
220,4,OULAD YAHYA LOUTA,13012,COMMUNITY
221,4,RDADNA OULAD MALEK,13015,COMMUNITY
222,4,SIDI BETTACHE,13162,COMMUNITY
223,4,SOUALEM ET TIRS,13032,COMMUNITY
224,4,TNINE OULAD ALI,13025,COMMUNITY
225,4,ZIAIDA,13026,COMMUNITY
226,4,OULAD YAHYA LOUTA,13035,COMMUNITY
227,3,AHFIR,63050,COMMUNITY
228,3,AIN ERREGGADA,63200,COMMUNITY
229,3,AKLIM,63250,COMMUNITY
230,3,ARHBAL,63072,COMMUNITY
231,3,BOUGHRIBA,63254,COMMUNITY
232,3,CHOUIHIA,63253,COMMUNITY
233,3,FEZOUANE,63053,COMMUNITY
234,3,LAATAMNA,63054,COMMUNITY
235,3,LAATMNA,63324,COMMUNITY
236,3,MADAGH,63303,COMMUNITY
237,3,RISLANE,63672,COMMUNITY
238,3,SAIDIA,63600,COMMUNITY
239,3,SIDI BOUHOURIA,63652,COMMUNITY
240,3,SIDI SLIMANE ECHCHARRAA,63255,COMMUNITY
241,3,TAFORHALT,63752,COMMUNITY
242,3,ZAYEST,63322,COMMUNITY
243,3,ZEGZEL,63323,COMMUNITY
244,4,EL GARA,26300,COMMUNITY
245,4,FOQRA OULAD AAMEUR,26303,COMMUNITY
246,4,HAD SOUALEM,26402,COMMUNITY
247,4,JAQMA,26304,COMMUNITY
248,4,KASBAT BEN MCHICH,26305,COMMUNITY
249,4,LAHSASNA,26106,COMMUNITY
250,4,LAKHIAITA,26112,COMMUNITY
251,4,LAMBARKIYINE,26306,COMMUNITY
252,4,OULAD ABBOU,26450,COMMUNITY
253,4,OULAD CEBBAH,26116,COMMUNITY
254,4,RIAH,26122,COMMUNITY
255,4,SIDI ABDELKHALEQ,26113,COMMUNITY
256,4,SIDI EL MEKKI,26114,COMMUNITY
257,4,SOUALEM TRIFIA,26115,COMMUNITY
258,4,ZAOUIAT BEN HAMDOUNE,24232,COMMUNITY
259,4,SAHEL OULAD H'RIZ,26124,COMMUNITY
260,3,MENGOUB,61223,COMMUNITY
261,3,AIT AHMAD OU HADDOU,61122,COMMUNITY
262,7,BOUJDOUR,71000,COMMUNITY
263,7,GUELTAT ZEMMOUR,71004,COMMUNITY
264,7,JRAIFIA,71003,COMMUNITY
265,7,LAMSSID,71005,COMMUNITY
266,5,ACHLOUJ,33022,COMMUNITY
267,5,AIT ABDALLAH BOUKHAMOUJ,33122,COMMUNITY
268,5,AIT BAZZA,33172,COMMUNITY
269,5,AIT EL MANE,33173,COMMUNITY
270,5,AIT HAMZA,33052,COMMUNITY
271,5,ALMIS GUIGOU,33053,COMMUNITY
272,5,ALMIS MARMOUCHA,33174,COMMUNITY
273,5,BOULEMANE,33000,COMMUNITY
274,5,EL MERS,33102,COMMUNITY
275,5,EL ORJANE,33324,COMMUNITY
276,5,ENJIL,33002,COMMUNITY
277,5,ENJIL AIT LAHCEN,33023,COMMUNITY
278,5,ERMILA,33006,COMMUNITY
279,5,FRITISSA,33322,COMMUNITY
280,5,IFKIRNE,33024,COMMUNITY
281,5,IMOUZZER MARMOUCHA,33152,COMMUNITY
282,5,KSABI,33202,COMMUNITY
283,5,KSABI MOULOUYA,33254,COMMUNITY
284,5,MISSOUR,33250,COMMUNITY
285,5,OUAOULZEMT,33175,COMMUNITY
286,5,OUIZEGHT,33273,COMMUNITY
287,5,OULAD ALI YOUSSEF,33013,COMMUNITY
288,5,OULAD SGHIR,33272,COMMUNITY
289,5,OULED ALI,33302,COMMUNITY
290,5,OUTAT EL HAJ,33300,COMMUNITY
291,5,SERGHINA,33005,COMMUNITY
292,5,SIDI BOUTAYEB,33255,COMMUNITY
293,5,SKOURA MDAZ,33012,COMMUNITY
294,5,TAFRAOUTE AIT ALI OULAHCEN,33025,COMMUNITY
295,5,TAGHROUTE,33372,COMMUNITY
296,5,TALZEMT,33176,COMMUNITY
297,5,TINDIT,33303,COMMUNITY
298,5,TISSAF,33323,COMMUNITY
299,9,AMTAR,91173,COMMUNITY
300,9,ASIFANE,91023,COMMUNITY
301,9,BAB BERRET,91052,COMMUNITY
302,9,BAB TAZA,91002,COMMUNITY
303,9,BENI BOUZRA,91034,COMMUNITY
304,9,BENI RZEN,91025,COMMUNITY
305,9,BENI SELMANE,34035,COMMUNITY
306,9,BNI AHMED,91102,COMMUNITY
307,9,BNI AHMED GHARBIA,91123,COMMUNITY
308,9,BNI DARKOUL,91005,COMMUNITY
309,9,BNI FAGHLOUM,91006,COMMUNITY
310,9,BNI MANSOUR,91055,COMMUNITY
311,9,BNI RZINE,91062,COMMUNITY
312,9,BNI SALAH,91012,COMMUNITY
313,9,BNI SELMANE,91063,COMMUNITY
314,9,BNI SMIH,91172,COMMUNITY
315,9,CHEFCHAOUEN,91000,COMMUNITY
316,9,DERDERA,91042,COMMUNITY
317,9,DERKOUL,91032,COMMUNITY
318,9,EL MELHA,91122,COMMUNITY
319,9,FIFI,91033,COMMUNITY
320,9,HAD RHDIR KROUCH,91043,COMMUNITY
321,9,IOUANE,91073,COMMUNITY
322,9,JEBHA,91153,COMMUNITY
323,9,KAA ASRASS,91035,COMMUNITY
324,9,LAGHDIR,91013,COMMUNITY
325,9,MANSOURA,91124,COMMUNITY
326,9,MTIOUA,91054,COMMUNITY
327,9,OUAOUZGANE,91174,COMMUNITY
328,9,STEHA,91003,COMMUNITY
329,9,TALEMBOTE,91044,COMMUNITY
330,9,TAMOROTE,91072,COMMUNITY
331,9,TANACOB,91045,COMMUNITY
332,9,TASSIFT,91036,COMMUNITY
333,9,TIZGANE,91056,COMMUNITY
334,9,TLATA ASSIFANE,91046,COMMUNITY
335,8,ADASSIL,41232,COMMUNITY
336,8,AFALLA ISSEN,41084,COMMUNITY
337,8,AHDIL,41025,COMMUNITY
338,8,AIN TAZITOUNTE,41053,COMMUNITY
339,8,AIT HADDOU YOUSSEF,41054,COMMUNITY
340,8,AIT HADI,41102,COMMUNITY
341,8,ARBAA DOUIRANE,41202,COMMUNITY
342,8,ASSERRATOU,41072,COMMUNITY
343,8,ASSIF EL MAL,42123,COMMUNITY
344,8,BOUABOUTE,41073,COMMUNITY
345,8,BOULAOUANE,41222,COMMUNITY
346,8,CHICHAOUA,41000,COMMUNITY
347,8,GUEMASSA,41223,COMMUNITY
348,8,HAD MJATT,41224,COMMUNITY
349,8,ICHAMRAREN,41083,COMMUNITY
350,8,IMINDOUNIT,41233,COMMUNITY
351,8,IMINTANOUTE,41050,COMMUNITY
352,8,IROHALEN,41055,COMMUNITY
353,8,KOUZEMT,41006,COMMUNITY
354,8,LALLA AZIZA,41074,COMMUNITY
355,8,MZOUDIA,41022,COMMUNITY
356,8,NFIFA,41056,COMMUNITY
357,8,OUAD LBOUR,41082,COMMUNITY
358,8,OULAD MOUMNA,41003,COMMUNITY
359,8,RAHHALA,41012,COMMUNITY
360,8,SAIDATE,41023,COMMUNITY
361,8,SEBT MZOUDA,41225,COMMUNITY
362,8,SIDI ABDELMOUMEN,41013,COMMUNITY
363,8,SIDI BOUZID ARRAGRAGUI,41014,COMMUNITY
364,8,SIDI MHAMED DALIL,41004,COMMUNITY
365,8,SIDI MOKHTAR,41152,COMMUNITY
366,8,TAOULOUKOUT,41075,COMMUNITY
367,8,TIMEZGUADIOUINE,41076,COMMUNITY
368,8,TIMLILT,41005,COMMUNITY
369,8,ZAOUIA NOUACEUR,41024,COMMUNITY
370,8,ZAOUIAT ANNAHLIA,41226,COMMUNITY
371,1,AGUERD NTEZKE,87422,COMMUNITY
372,1,AIT AMIRA,87052,COMMUNITY
373,1,AIT BAHA,87100,COMMUNITY
374,1,AIT MZAL,87104,COMMUNITY
375,1,AIT OUADRIM,87132,COMMUNITY
376,1,AOUGUENZ,87105,COMMUNITY
377,1,BIOUGRA,87200,COMMUNITY
378,1,HAD AIT BELFAA,87252,COMMUNITY
379,1,HAD TARGA NTOUCHKA,87122,COMMUNITY
380,1,HALLATE,87123,COMMUNITY
381,1,IMHILEN,87423,COMMUNITY
382,1,IMI EL HAD TASGUEDELFT,87124,COMMUNITY
383,1,IMI MQOURN,87222,COMMUNITY
384,1,INCHADEN,87272,COMMUNITY
385,1,JEMAA TAKOUCHTE,87125,COMMUNITY
386,1,KHEMIS AIT MOUSSA,87133,COMMUNITY
387,1,KHMIS IDA OU GNIDIF,87402,COMMUNITY
388,1,MASSA,87452,COMMUNITY
389,1,MASSA TASSILA,87473,COMMUNITY
390,1,OUED ESSAFA,87223,COMMUNITY
391,1,SEBT AIT MILK,87273,COMMUNITY
392,1,SIDI ABDELLAH EL BOUCHOUARI,87126,COMMUNITY
393,1,SIDI BIBI,87274,COMMUNITY
394,1,SIDI BOUAZ,87112,COMMUNITY
395,1,SIDI BOUSHAB,87203,COMMUNITY
396,1,SIDI OUASSAY,87135,COMMUNITY
397,1,SIDI RBAT,87472,COMMUNITY
398,1,TANALT,87552,COMMUNITY
399,1,TIMEZGUIDA OUASRIR,87113,COMMUNITY
400,1,TLATA OU GUENZ,80572,COMMUNITY
401,1,TNINE HILALA,80700,COMMUNITY
402,3,AIN ZORAH,62252,COMMUNITY
403,3,BEN TIB,62102,COMMUNITY
404,3,KACETA,62522,COMMUNITY
405,3,AJERMOUNAS,62422,COMMUNITY
406,3,AMEJJAOU,62255,COMMUNITY
407,3,AZLAF,62256,COMMUNITY
408,3,BNI MARGHNINE,62044,COMMUNITY
409,3,BOUDINAR,62152,COMMUNITY
410,3,DAR KEBDANI,62202,COMMUNITY
411,3,DRIOUCH,62253,COMMUNITY
412,3,IFERNI,62045,COMMUNITY
413,3,KHEMIS TEMSAMANE,62402,COMMUNITY
414,3,MHAJER,62452,COMMUNITY
415,3,MIDAR,62502,COMMUNITY
416,3,MTALSSA,62263,COMMUNITY
417,3,OUARDANA,62046,COMMUNITY
418,3,OULAD AMGHAR,62172,COMMUNITY
419,3,OULAD BOUBKER,62272,COMMUNITY
420,3,TAFERSITE,62752,COMMUNITY
421,3,TALILIT,62123,COMMUNITY
422,3,TAZAGHINE,62262,COMMUNITY
423,3,TIZIRHINE,62122,COMMUNITY
424,3,TLETA TAZLAFT,62523,COMMUNITY
425,3,TROUGOUT,62053,COMMUNITY
426,3,TROUKOUT,32253,COMMUNITY
427,3,TSAFT,62054,COMMUNITY
428,5,AGOURAI,51050,COMMUNITY
429,5,AIN TAOUJDATE,51100,COMMUNITY
430,5,AIT BOUBIDMANE,51103,COMMUNITY
431,5,AIT BOURZOUINE,51005,COMMUNITY
432,5,AIT HARZ ALLAH,51104,COMMUNITY
433,5,AIT NAAMANE,51006,COMMUNITY
434,5,AIT OUIKHALFEN,51054,COMMUNITY
435,5,AIT YAAZEM,51025,COMMUNITY
436,5,BITTIT,51123,COMMUNITY
437,5,BOUDERBALA,51026,COMMUNITY
438,5,EL HAJEB,51000,COMMUNITY
439,5,IQADDAR,51012,COMMUNITY
440,5,LAQSIR,51124,COMMUNITY
441,5,RAS JERRI,51032,COMMUNITY
442,5,SABAA AIYOUN,51150,COMMUNITY
443,5,SEBT JEHJOUH,51052,COMMUNITY
444,5,TAMCHACHATE,51055,COMMUNITY
445,4,ARBAA CHTOUKA,24172,COMMUNITY
446,4,AZEMMOUR,24100,COMMUNITY
447,4,BIR JDID,24150,COMMUNITY
448,4,BOUCEDRA,24122,COMMUNITY
449,4,CHAIBATE,24403,COMMUNITY
450,4,HAOUZIA,24123,COMMUNITY
451,4,JORF LASFAR,24025,COMMUNITY
452,4,KHEMIS DES ZEMAMRA,24200,COMMUNITY
453,4,KHEMIS MTOUH,24322,COMMUNITY
454,4,LAAOUISSATE,24222,COMMUNITY
455,4,LAGHDIRA,24104,COMMUNITY
456,4,LAMHARZA ESSAHEL,24105,COMMUNITY
457,4,LAMNAKRA EL HADDADA,24224,COMMUNITY
458,4,MHAIOULA,24124,COMMUNITY
459,4,MOGRESS,24404,COMMUNITY
460,4,MOULAY ABDELLAH,24003,COMMUNITY
461,4,OULAD AISSA,24022,COMMUNITY
462,4,OULAD BEN CHAOUI,24225,COMMUNITY
463,4,OULAD HAMDANE,24323,COMMUNITY
464,4,OULAD HASSINE,24023,COMMUNITY
465,4,OULAD RAHMOUNE,24106,COMMUNITY
466,4,OULAD RHANEM,24272,COMMUNITY
467,4,OULAD SIDI ALI BEN YOUSSEF,24324,COMMUNITY
468,4,OULED FREJ,24302,COMMUNITY
469,4,OULJA DES CHIADMA,24173,COMMUNITY
470,4,SANIAT BENRKIK,24226,COMMUNITY
471,4,SEBT SAISS,24422,COMMUNITY
472,4,SI HSAIEN BEN ABDERRAHMANE,24405,COMMUNITY
473,4,SIDI ABED,24032,COMMUNITY
474,4,SIDI ALI BEN HAMDOUCHE,24112,COMMUNITY
475,4,SIDI BOUZID,24005,COMMUNITY
476,4,SIDI MHAMED AKHDIM,24034,COMMUNITY
477,4,SIDI MOUSSA PLAGE,24024,COMMUNITY
478,4,SIDI SMAIL,24402,COMMUNITY
479,4,TLETA BOULAOUANE,24074,COMMUNITY
480,4,TNINE CHTOUKA,24175,COMMUNITY
481,4,ZAOUIAT LAKOUACEM,24406,COMMUNITY
482,4,ZAOUIAT SAISS,24412,COMMUNITY
483,8,LAATAMNA,43114,COMMUNITY
484,8,OULAD BOUALI LOUED,43035,COMMUNITY
485,8,SIDI MOUSSA,43036,COMMUNITY
486,8,BOUYA OMAR,43122,COMMUNITY
487,8,CHOARA,43112,COMMUNITY
488,8,CHTAIBA,43073,COMMUNITY
489,8,DECHRA,43074,COMMUNITY
490,8,DZOUZ,43123,COMMUNITY
491,8,EJJOUALA,43472,COMMUNITY
492,8,EL AAMRIA,43052,COMMUNITY
493,8,EL KELAA DES SRAGHNA,43000,COMMUNITY
494,8,EL MARBOUH,43006,COMMUNITY
495,8,ERRAFIAYA,43012,COMMUNITY
496,8,HAD FRAITA,43124,COMMUNITY
497,8,HIADNA,43034,COMMUNITY
498,8,JBIEL,43473,COMMUNITY
499,8,LAATMNA SRARHNA,43125,COMMUNITY
500,8,LAATTAOUIA,43100,COMMUNITY
501,8,LAATTAOUIA ECH CHAYBIA,43102,COMMUNITY
502,8,LOUAD LAKHDAR,43272,COMMUNITY
503,8,MAYATE,43023,COMMUNITY
504,8,MZEM SANHAJA,43103,COMMUNITY
505,8,OUARGUI,43273,COMMUNITY
506,8,OULAD AAMER,43076,COMMUNITY
507,8,OULAD AARRAD,43104,COMMUNITY
508,8,OULAD CHERKI,43013,COMMUNITY
509,8,OULAD EL GARNE,43014,COMMUNITY
510,8,OULAD KHALLOUF,43105,COMMUNITY
511,8,OULAD MASSAOUD,43015,COMMUNITY
512,8,OULAD MSABBEL,43083,COMMUNITY
513,8,OULAD SBIH,43016,COMMUNITY
514,8,OULAD ZARRAD,43026,COMMUNITY
515,8,SAHRIJ,43252,COMMUNITY
516,8,SEBT OUNASDASS,43025,COMMUNITY
517,8,SIDI AISSA BEN SLIMANE,43274,COMMUNITY
518,8,SIDI EL HATTAB,43082,COMMUNITY
519,8,SIDI RAHHAL,43350,COMMUNITY
520,8,SOUR EL AAZ,43106,COMMUNITY
521,8,TAMALLALT,43450,COMMUNITY
522,8,TAOUZINT,43032,COMMUNITY
523,8,ZEMRANE,43372,COMMUNITY
524,8,ZEMRANE CHERQIA,43474,COMMUNITY
525,8,ZNADA,43033,COMMUNITY
526,8,AIN IGLI,43072,COMMUNITY
527,8,EL HYDANA,43022,COMMUNITY
528,8,JEMAA EL MA BARED,43172,COMMUNITY
529,8,OULAD YACOUB,43024,COMMUNITY
530,8,PONT TASSAOUTE,43075,COMMUNITY
531,8,SIDI DRISS,43275,COMMUNITY
532,8,TLETA MZEM,43276,COMMUNITY
533,10,AARAB SEBBAH GHERIS,52204,COMMUNITY
534,10,ACHBAROU,52482,COMMUNITY
535,10,AIT OTHMAN,52022,COMMUNITY
536,10,AIT YAHYA,52406,COMMUNITY
537,10,AMELAGO,52272,COMMUNITY
538,10,AOUFOUS,52053,COMMUNITY
539,10,ARFOUD,52200,COMMUNITY
540,10,ARHBALOU NKERDOUSS,52622,COMMUNITY
541,10,ASRIR OUED FERKLA,52002,COMMUNITY
542,10,BNI MHAMMED,52472,COMMUNITY
543,10,BOUDNIB,52150,COMMUNITY
544,10,CHORFA MDARHRA,52023,COMMUNITY
545,10,DOUIRA,52072,COMMUNITY
546,10,ER RTEB,52016,COMMUNITY
547,10,FAZNA,52372,COMMUNITY
548,10,FERKLA EL OULIA,52254,COMMUNITY
549,10,FERKLA ES SOUFLA,52255,COMMUNITY
550,10,GHERIS EL OULOUI,52256,COMMUNITY
551,10,GHERIS ES SOUFLI,52262,COMMUNITY
552,10,GOULMIMA,52250,COMMUNITY
553,10,HANNABOU,52225,COMMUNITY
554,10,JORF,52350,COMMUNITY
555,10,KHENG,52024,COMMUNITY
556,10,KSAR SAHLI,52172,COMMUNITY
557,10,MELLAB,52602,COMMUNITY
558,10,MERZOUGA,52202,COMMUNITY
559,10,MESKI,52025,COMMUNITY
560,10,MFISS,52222,COMMUNITY
561,10,MOULAY ALI CHERIF,52015,COMMUNITY
562,10,OUED NAAM,52014,COMMUNITY
563,10,OULAD CHAKER,52073,COMMUNITY
564,10,RISSANI,52450,COMMUNITY
565,10,SEFFALATE,52453,COMMUNITY
566,10,SIDI ALI,52455,COMMUNITY
567,10,SIDI ALI TAFRAOUT,52475,COMMUNITY
568,10,SIFA ARAB SEBBAH ZIZ,52223,COMMUNITY
569,10,TADIRHOUST,52502,COMMUNITY
570,10,TAMHRACH RHERISS,52273,COMMUNITY
571,10,TAOUZ,52224,COMMUNITY
572,10,TAZOUGARTE,52173,COMMUNITY
573,10,TILOUINE,52252,COMMUNITY
574,10,TIMEZGUITE,52522,COMMUNITY
575,10,TINEJDAD,52600,COMMUNITY
576,10,TOUROUG,52623,COMMUNITY
577,10,ZRIGATE,52052,COMMUNITY
578,10,JBIYEL,52476,COMMUNITY
579,7,AMGALA,72005,COMMUNITY
580,7,HAOUZA,72006,COMMUNITY
581,7,JDIRIYA,72012,COMMUNITY
582,7,SIDI AHMED LAAROUSS,72013,COMMUNITY
583,7,SMARA,72000,COMMUNITY
584,7,TIFARITI,72014,COMMUNITY
585,8,ADAGHAS,44236,COMMUNITY
586,8,AGLIF,44204,COMMUNITY
587,8,AGUERD,44205,COMMUNITY
588,8,AIN ZELTEN,44273,COMMUNITY
589,8,AIT AISSI IHAHANE,44206,COMMUNITY
590,8,AIT DAOUD,44060,COMMUNITY
591,8,AIT SAID,44012,COMMUNITY
592,8,AKERMOUD,44126,COMMUNITY
593,8,ARBAA IDA OU TROUMA,44222,COMMUNITY
594,8,ARBAA IDA OUGOURD,44005,COMMUNITY
595,8,ASSAIS,44083,COMMUNITY
596,8,BIZDAD,44252,COMMUNITY
597,8,BOUZEMMOUR,44212,COMMUNITY
598,8,EZZAOUITE,44213,COMMUNITY
599,8,HAD DRAA,44003,COMMUNITY
600,8,HAD MRAMER,44122,COMMUNITY
601,8,IDA OU GUELLOUL,44223,COMMUNITY
602,8,IDA OU KAZZOU,44226,COMMUNITY
603,8,IDA OUAZZA,44072,COMMUNITY
604,8,IMGRADE,44214,COMMUNITY
605,8,KECHOULA,44013,COMMUNITY
606,8,KHEMIS MESKALA,44274,COMMUNITY
607,8,KHEMIS TAKATE,44132,COMMUNITY
608,8,LAGDADRA,44014,COMMUNITY
609,8,LAHSINATE,44015,COMMUNITY
610,8,LAMZILATE,44123,COMMUNITY
611,8,MEJJI,44124,COMMUNITY
612,8,MKHALIF,44016,COMMUNITY
613,8,MOUARID,44276,COMMUNITY
614,8,MOULAY BOUZARQTOUNE,44022,COMMUNITY
615,8,OULAD MRABET,44023,COMMUNITY
616,8,OUNAGHA,44133,COMMUNITY
617,8,SEBT IMGHADE,44224,COMMUNITY
618,8,SEBT KORIMATE,44272,COMMUNITY
619,8,SEBT MEKNAFA,44073,COMMUNITY
620,8,SIDI ABDELJALIL,44024,COMMUNITY
621,8,SIDI AHMED ESSAYEH,44082,COMMUNITY
622,8,SIDI AISSA REGRAGUI,44025,COMMUNITY
623,8,SIDI ALI EL KORATI,44026,COMMUNITY
624,8,SIDI BOULAALAM,44032,COMMUNITY
625,8,SIDI EL JAZOULI,44215,COMMUNITY
626,8,SIDI HMAD OU HAMED,44216,COMMUNITY
627,8,SIDI HMAD OU MBAREK,44232,COMMUNITY
628,8,SIDI ISHAQ,44134,COMMUNITY
629,8,SIDI KAOUKI,44125,COMMUNITY
630,8,SIDI LAAROUSSI,44033,COMMUNITY
631,8,SIDI MHAMED OU MARZOUQ,44034,COMMUNITY
632,8,SMIMOU,44053,COMMUNITY
633,8,TAFEDNA,44074,COMMUNITY
634,8,TAFTECHT,44102,COMMUNITY
635,8,TAHELOUANTE,44233,COMMUNITY
636,8,TAKOUCHT,44234,COMMUNITY
637,8,TALMEST,44150,COMMUNITY
638,8,TAMANAR,44200,COMMUNITY
639,8,TARGANTE,44235,COMMUNITY
640,8,TIDZI,44075,COMMUNITY
641,8,TIMZGUIDA OUFTAS,44225,COMMUNITY
642,8,TLATA HANCHANE,44250,COMMUNITY
643,8,TNINE IDA OU ZEMZEM,44275,COMMUNITY
644,8,TNINE IMI NTLIT,44076,COMMUNITY
645,8,ZAOUIA BEN HMIDA,44004,COMMUNITY
646,9,BAHRAOUIYNE TANJA,94022,COMMUNITY
647,9,BAHRIYNE EL AOUAMA,94023,COMMUNITY
648,9,EL BORCH,94025,COMMUNITY
649,9,HAKKAMA,94031,COMMUNITY
650,9,JOUAMAA,94032,COMMUNITY
651,9,KSAR EL MAJAZ,94033,COMMUNITY
652,9,KSAR SGHIR,94152,COMMUNITY
653,9,MELLOUSSA,94053,COMMUNITY
654,9,TARHREMT,94122,COMMUNITY
655,9,ZOCO JEMIS DE ANYERA,94026,COMMUNITY
656,5,AIN BIDA,30045,COMMUNITY
657,5,OULAD ETTAYEB,30023,COMMUNITY
658,5,SIDI HARAZEM,30205,COMMUNITY
659,5,LE SAIS,30022,COMMUNITY
660,3,ABBOU LAKHAL,61005,COMMUNITY
661,3,AIN CHAIR,61103,COMMUNITY
662,3,AIN CHOUATER,61052,COMMUNITY
663,3,AIN ECHCHAIR,61222,COMMUNITY
664,3,ANOUAL BOUCHAOUEN,61272,COMMUNITY
665,3,BENI TAJJITE,61102,COMMUNITY
666,3,BNI GUIL,61006,COMMUNITY
667,3,BOUANANE,61152,COMMUNITY
668,3,BOUARFA,61200,COMMUNITY
669,3,BOUMERIEM,61273,COMMUNITY
670,3,FIGUIG,61000,COMMUNITY
671,3,MAATARKA,61012,COMMUNITY
672,3,TALSINNT,61252,COMMUNITY
673,3,TENDRARA,61302,COMMUNITY
674,2,AL KHALFIA,23206,COMMUNITY
675,2,BNI OUKIL,23005,COMMUNITY
676,2,DAR OULD ZIDOUH,23102,COMMUNITY
677,2,EL KRIFATE,23222,COMMUNITY
678,2,FKIH BEN SALAH,23200,COMMUNITY
679,2,HAD BRADIA,23302,COMMUNITY
680,2,HAD OULAD BOUMOUSSA,23122,COMMUNITY
681,2,HAL EL MARBAA,23223,COMMUNITY
682,2,KHEMIS BNI CHAGDAL,23224,COMMUNITY
683,2,OULAD AYAD,23400,COMMUNITY
684,2,OULAD BOURAHMOUNE,23573,COMMUNITY
685,2,OULED ZMAM,23575,COMMUNITY
686,2,SEBT OULAD NEMMA,23550,COMMUNITY
687,2,SIDI HAMMADI,23232,COMMUNITY
688,12,ABAINOU,81024,COMMUNITY
689,12,AFEREKET AIT YASSINE,81025,COMMUNITY
690,12,AFERKAT,81046,COMMUNITY
691,12,AIT BOUFOULNE,81072,COMMUNITY
692,12,AMSRA,81122,COMMUNITY
693,12,AMTDI,81016,COMMUNITY
694,12,AOUINATE AIT OUSSA,81022,COMMUNITY
695,12,AOUINATE TOURKOZ,81023,COMMUNITY
696,12,ASRIR AZOUAFIT,81026,COMMUNITY
697,12,ASSAKA,85035,COMMUNITY
698,12,BOUIZAKARNE,81050,COMMUNITY
699,12,ECHATEA EL ABIED,81013,COMMUNITY
700,12,FASK,81003,COMMUNITY
701,12,GUELMIM,81000,COMMUNITY
702,12,IFRANE ATLAS SEGHIR,81102,COMMUNITY
703,12,IMI NFAST,81033,COMMUNITY
704,12,KSABI AIT LAHCEN,81005,COMMUNITY
705,12,LABIAR,81042,COMMUNITY
706,12,LAQSABI TAGOUST,81014,COMMUNITY
707,12,RASS OUMLIL,81034,COMMUNITY
708,12,TAGANTE,81052,COMMUNITY
709,12,TANKERT,81123,COMMUNITY
710,12,TARGA WASSAY,81032,COMMUNITY
711,12,TARHJIJT,81152,COMMUNITY
712,12,TIGHMERT AZOUAFIT,81044,COMMUNITY
713,12,TIGLIT,81015,COMMUNITY
714,12,TILOUINE ASSAKA,81043,COMMUNITY
715,12,TIMOULAY,81053,COMMUNITY
716,12,TNINE ADAI,81172,COMMUNITY
717,3,ASSEBBAB,35124,COMMUNITY
718,3,BERKINE,35102,COMMUNITY
719,3,GUERCIF,35100,COMMUNITY
720,3,HOUARA OULAD RAHHO,35043,COMMUNITY
721,3,LAMRIJA,35116,COMMUNITY
722,3,MEZGUITEM,35104,COMMUNITY
723,3,OULAD BOURIMA,35055,COMMUNITY
724,3,RAS LAKSAR,35125,COMMUNITY
725,3,SAKA,35105,COMMUNITY
726,3,TADDART,35115,COMMUNITY
727,5,AIN LEUH,53052,COMMUNITY
728,5,AIT HAMAD RIBAA,53022,COMMUNITY
729,5,AIT YAHIA OU ALLA,53122,COMMUNITY
730,5,AZROU,53100,COMMUNITY
731,5,BEN SMIM,53123,COMMUNITY
732,5,DAYAT AOUA,53023,COMMUNITY
733,5,IFRANE,53000,COMMUNITY
734,5,OUGMAS,53124,COMMUNITY
735,5,SIDI ADDI,53102,COMMUNITY
736,5,SIDI EL MAKHFI,53114,COMMUNITY
737,5,SOUK EL HAD OUED IFRANE,53103,COMMUNITY
738,5,TIGRIGRA,53113,COMMUNITY
739,5,TIMAHDITE,53104,COMMUNITY
740,5,TIZGUITE,53004,COMMUNITY
741,5,ZAOUIA AIT SIDI ABDESSLAM,53024,COMMUNITY
742,1,AIT MELLOUL,86150,COMMUNITY
743,1,LQLIAA,86356,COMMUNITY
744,1,SOUK EL HAD OULAD DAHOU,86622,COMMUNITY
745,1,TEMSIA,86602,COMMUNITY
746,3,AIN BNI MATHAR,64100,COMMUNITY
747,3,AIN EL GUENFOUDA,64152,COMMUNITY
748,3,EL AOUINET,64572,COMMUNITY
749,3,GUEFAIT,64573,COMMUNITY
750,3,HASSI BLAL,64500,COMMUNITY
751,3,JERADA,64550,COMMUNITY
752,3,LAAOUINATE,64553,COMMUNITY
753,3,LEBKHATA,64554,COMMUNITY
754,3,MERIJA,64122,COMMUNITY
755,3,OUED EL HEIMER,64022,COMMUNITY
756,3,OULAD SIDI ABDELHAKEM,64103,COMMUNITY
757,3,OULED GHZIYEL,64123,COMMUNITY
758,3,RAS ASFOUR,64555,COMMUNITY
759,3,SIDI BOUBKER,64556,COMMUNITY
760,3,TIOULI,64872,COMMUNITY
761,3,TOUISSIT,64850,COMMUNITY
762,3,ZELLIDJA BOUBKER,64902,COMMUNITY
763,6,AIN ARISS,14026,COMMUNITY
764,6,ALLAL TAZI,14052,COMMUNITY
765,6,AMEUR SEFLIA,14064,COMMUNITY
766,6,ARBAOUA,14102,COMMUNITY
767,6,BAHHARA OULAD AYAD,14066,COMMUNITY
768,6,BEN MANSOUR,14022,COMMUNITY
769,6,BENI MALEK,14305,COMMUNITY
770,6,CHOUAFAA,14325,COMMUNITY
771,6,EL ARBAA DU RHARB,14300,COMMUNITY
772,6,EL MORHRANE,14023,COMMUNITY
773,6,HADDADA EL GHARB,14024,COMMUNITY
774,6,KARIA BENAOUDA,14322,COMMUNITY
775,6,LALLA MIMOUNA,14152,COMMUNITY
776,6,MEHDYA,14110,COMMUNITY
777,6,MNASRA,14053,COMMUNITY
778,6,MOULAY BOUSELHAM,14302,COMMUNITY
779,6,OUED EL MAKHAZINE,14123,COMMUNITY
780,6,OULAD SLAMA,14065,COMMUNITY
781,6,SIDI BOUBKER EL HAJ,14122,COMMUNITY
782,6,SIDI MOHAMED EL AHMAR,14323,COMMUNITY
783,6,SIDI TAIBI,14025,COMMUNITY
784,6,SOUK TLETA EL GHARB,14005,COMMUNITY
785,6,AIN JOHRA,15422,COMMUNITY
786,6,AIN SBIT,15152,COMMUNITY
787,6,AIT BELKACEM,15425,COMMUNITY
788,6,AIT ICHOU,15124,COMMUNITY
789,6,AIT MALEK,15406,COMMUNITY
790,6,AIT SIBERNE,14306,COMMUNITY
791,6,BOUKCHMIR,15122,COMMUNITY
792,6,EL GANZRA,15013,COMMUNITY
793,6,EL HAMMAM JBEL DOUM,15022,COMMUNITY
794,6,EL KENSARA,15026,COMMUNITY
795,6,HAD AIT MIMOUN,15023,COMMUNITY
796,6,HAD AIT OURIBEL,15024,COMMUNITY
797,6,HAD BRACHOUA,15153,COMMUNITY
798,6,HAD RHOUALEM,15172,COMMUNITY
799,6,HAJJAMA,15412,COMMUNITY
800,6,JEMAA MOUL LEBLAD,15173,COMMUNITY
801,6,KHEMIS AIT YADDINE,15003,COMMUNITY
802,6,KHEMIS NKHEILA,15175,COMMUNITY
803,6,KHEMIS SIDI YAHIA,15423,COMMUNITY
804,6,MAAZIZ,15053,COMMUNITY
805,6,MAJMAA TOLBA,15032,COMMUNITY
806,6,MARCHOUCH,15174,COMMUNITY
807,6,MKAM TOLBA,15424,COMMUNITY
808,6,MOULAY DRISS ARHBAL,15072,COMMUNITY
809,6,OULMES,15102,COMMUNITY
810,6,ROMMANI,15150,COMMUNITY
811,6,SEBT AIT IKKOU,15052,COMMUNITY
812,6,SFASSIF,15004,COMMUNITY
813,6,SIDI ABDERRAZAK,15202,COMMUNITY
814,6,SIDI ALI OU LAHCEN,15014,COMMUNITY
815,6,SIDI ALLAL EL BAHRAOUI,15252,COMMUNITY
816,6,SIDI ALLAL LEMSEDDER,15005,COMMUNITY
817,6,SIDI BOUKHALKHAL,15273,COMMUNITY
818,6,SIDI EL RHANDOUR,15033,COMMUNITY
819,6,SOUK JEMAA HOUDERRANE,15073,COMMUNITY
820,6,SOUK SEBT OUED BEHT,15025,COMMUNITY
821,6,SOUK TNINE MOGHANE,15272,COMMUNITY
822,6,TARMILET,15123,COMMUNITY
823,6,TIDDAS,15352,COMMUNITY
824,6,ZHILIGA,15154,COMMUNITY
825,2,AGUELMAM AZEGZA,54013,COMMUNITY
826,2,AGUELMOUSS,54052,COMMUNITY
827,2,AIN AICHA AIT SAADELLI,54153,COMMUNITY
828,2,AIT ISHAK,54103,COMMUNITY
829,2,EL BORJ,54032,COMMUNITY
830,2,EL HAMMAM,54452,COMMUNITY
831,2,EL HRI,54022,COMMUNITY
832,2,EL KEBAB,54203,COMMUNITY
833,2,JBEL AOUAMA,54472,COMMUNITY
834,2,KAF NSOUR,54002,COMMUNITY
835,2,KERROUCHEN,54302,COMMUNITY
836,2,MOHA OU HAMMOU ZAYA,54014,COMMUNITY
837,2,MOULAY BOUAZZA,54403,COMMUNITY
838,2,MRIRT,54450,COMMUNITY
839,2,OUAOUMANA,54102,COMMUNITY
840,2,OUM RABIA,54473,COMMUNITY
841,2,SIDI AMAR,54015,COMMUNITY
842,2,SIDI BOUABBED,54023,COMMUNITY
843,2,SIDI HCINE,54016,COMMUNITY
844,2,SIDI LAMINE,54025,COMMUNITY
845,2,SIDI MHAMED BEN MBAREK,54425,COMMUNITY
846,2,SIDI YAHYA OU SAAD,54202,COMMUNITY
847,2,SOUK HAD BOUHSOUSSEN,54402,COMMUNITY
848,2,SOUK SEBT AIT RAHOU,54423,COMMUNITY
849,2,SOUK TNINE AIT BOUKHAYYOU,54424,COMMUNITY
850,2,TIGHESSALINE,54003,COMMUNITY
851,2,TIZI NGHACHOU,54382,COMMUNITY
852,2,AIN KICHER,25472,COMMUNITY
853,2,AIT AMMAR,25422,COMMUNITY
854,2,ARBAA MAADNA,25372,COMMUNITY
855,2,BEJAAD,25060,COMMUNITY
856,2,BIR MEZOUI,25373,COMMUNITY
857,2,BNI SMIR,25374,COMMUNITY
858,2,BOUAYACHE,54352,COMMUNITY
859,2,BOUJNIBA,25100,COMMUNITY
860,2,BOUKHRISSE,25072,COMMUNITY
861,2,BOULANOUAR,25152,COMMUNITY
862,2,EL FOKRA,25022,COMMUNITY
863,2,EL GUEFFAF,25202,COMMUNITY
864,2,HAD BNI BATAO,25252,COMMUNITY
865,2,HATTANE,25300,COMMUNITY
866,2,JEMAA OULAD AISSA,25375,COMMUNITY
867,2,KASBAT TROCH,25376,COMMUNITY
868,2,MFASSIS,25322,COMMUNITY
869,2,OUED ZEM,25350,COMMUNITY
870,2,OULAD FENNANE,25382,COMMUNITY
871,2,OULAD FTATA,25423,COMMUNITY
872,2,OULAD GOUAOUCH,25073,COMMUNITY
873,2,OULED ABDOUN,25023,COMMUNITY
874,2,OULED BOUGHADI,25402,COMMUNITY
875,2,ROUACHED,25522,COMMUNITY
876,2,SEBT BENI YAKHLEF,25003,COMMUNITY
877,2,SEBT DECHRA BRAKSA,25383,COMMUNITY
878,2,TACHREFT,25452,COMMUNITY
879,2,TLETA BENI ZRANTIL,25272,COMMUNITY
880,2,TLETA CHOUGRANE,25502,COMMUNITY
881,2,TLETA GNADIZ,25424,COMMUNITY
882,7,BOUKRAA,70042,COMMUNITY
883,7,DCHEIRA TAFOUDART,70023,COMMUNITY
884,7,EL HAGOUNIA,70054,COMMUNITY
885,7,FOUM EL OUED,70022,COMMUNITY
886,9,AL AOUAMRA,92052,COMMUNITY
887,9,ARBAA AYACHA,92022,COMMUNITY
888,9,BNI AROUSS,92006,COMMUNITY
889,9,BOU JEDYANE,92155,COMMUNITY
890,9,KHEMIS SAHEL,92102,COMMUNITY
891,9,KSAR BJIR,92156,COMMUNITY
892,9,KSAR EL KEBIR,92150,COMMUNITY
893,9,LARACHE,92000,COMMUNITY
894,9,MECHERAH,92172,COMMUNITY
895,9,MOULAY ABDESSLAM,93034,COMMUNITY
896,9,OULAD OUCHIH,92162,COMMUNITY
897,9,RISSANA CHAMALIA,92012,COMMUNITY
898,9,RISSANA JANOUBIA,92272,COMMUNITY
899,9,SEBT BNI GARFET,92002,COMMUNITY
900,9,SIDI ALI,92023,COMMUNITY
901,9,SOUAKEN,92163,COMMUNITY
902,9,SOUK LQOLLA,92164,COMMUNITY
903,9,SOUK TOLBA,92173,COMMUNITY
904,9,TATOUFET,92202,COMMUNITY
905,9,TAZROUTE,92013,COMMUNITY
906,9,TLATA RISSANA,92252,COMMUNITY
907,9,ZAAROURA,92024,COMMUNITY
908,9,ZOUADA,92072,COMMUNITY
909,8,AGAFAY,40254,COMMUNITY
910,8,AIN ITTI,40022,COMMUNITY
911,8,ALOUIDANE,41103,COMMUNITY
912,8,CHOUITER,40023,COMMUNITY
913,8,DOUAR CHAOUF EL AYADI,40024,COMMUNITY
914,8,HAD MNABHA,40173,COMMUNITY
915,8,HARBIL,41104,COMMUNITY
916,8,KETTARA,40152,COMMUNITY
917,8,MRABTINE,40026,COMMUNITY
918,8,NZALAT EL HARMEL,40172,COMMUNITY
919,8,OUAHAT SIDI BRAHIM,41105,COMMUNITY
920,8,OUED LAHJAR,40062,COMMUNITY
921,8,OULAD BELAAGUID,40063,COMMUNITY
922,8,OULAD DLIM,40064,COMMUNITY
923,8,SEBT AIT IMOUR,40272,COMMUNITY
924,8,SIDI ZOUINE,40202,COMMUNITY
925,8,SOUIHLA,40255,COMMUNITY
926,8,TAMANSOURT,40300,COMMUNITY
927,8,TASSOULTANTE,40065,COMMUNITY
928,8,TNINE OUDAYA,40253,COMMUNITY
929,9,ALLYENE,93055,COMMUNITY
930,9,BELYOUNECH,93103,COMMUNITY
931,9,FNIDQ,93100,COMMUNITY
932,9,MARTIL,93150,COMMUNITY
933,9,MDIQ,93200,COMMUNITY
934,4,AEROPORT MOHAMED V,29002,COMMUNITY
935,4,AEROPORT MOHAMED V TERMINAL 2,29003,COMMUNITY
936,4,AL MAJJATIA OULAD TALEB,29643,COMMUNITY
937,4,LAHRAOUYINE,29004,COMMUNITY
938,4,MEDIOUNA,29490,COMMUNITY
939,4,OUED HASSAR,29672,COMMUNITY
940,4,TIT MELLIL,29640,COMMUNITY
941,5,AIN EL ORMA,50022,COMMUNITY
942,5,AIN JEMAA,50052,COMMUNITY
943,5,AIN KERMA,50023,COMMUNITY
944,5,AIT AISSA ADDI,50024,COMMUNITY
945,5,AIT OUALLAL,50072,COMMUNITY
946,5,AIT RAHHOU MJATT,50026,COMMUNITY
947,5,AL MACHOUAR STINIA,50062,COMMUNITY
948,5,BENI AMMAR,50372,COMMUNITY
949,5,BOUFAKRANE,50300,COMMUNITY
950,5,BRIDIA,50046,COMMUNITY
951,5,CHARQAOUA,50354,COMMUNITY
952,5,DAR OUM SOLTANE,50063,COMMUNITY
953,5,DKHISSA,50064,COMMUNITY
954,5,EL HADJ KADDOUR,50102,COMMUNITY
955,5,HAFRAT BEN TAYBI,50383,COMMUNITY
956,5,KERMAT BEN SALEM,50373,COMMUNITY
957,5,MOULAY IDRISS,50350,COMMUNITY
958,5,MOUSSAOUA,50374,COMMUNITY
959,5,MRHASSIYNE,50375,COMMUNITY
960,5,NZALATE BNI AMMAR,50352,COMMUNITY
961,5,OUED AL JADIDAH,51172,COMMUNITY
962,5,OUED ROMMANE,50025,COMMUNITY
963,5,OUISLANE,50045,COMMUNITY
964,5,SIDI ABDALLAH AL KHAYAT,50356,COMMUNITY
965,5,SIDI ALI BENHAMDOUCHE,50376,COMMUNITY
966,5,SIDI SLIMANE MJATT,50122,COMMUNITY
967,5,TNINE MHAYA,50152,COMMUNITY
968,5,TOULAL,50110,COMMUNITY
969,5,VOLUBILIS,50382,COMMUNITY
970,5,ZOUALET,50044,COMMUNITY
971,10,AGDAL IMILCHIL,52426,COMMUNITY
972,10,AGHBALOU NSERDANE,54152,COMMUNITY
973,10,AGOUDIM,54522,COMMUNITY
974,10,AIT AYACH,54363,COMMUNITY
975,10,AIT BEN YACOUB,54364,COMMUNITY
976,10,AIT HNINI,54222,COMMUNITY
977,10,AIT OUFELLA,54272,COMMUNITY
978,10,AIT OUMGHAR,54372,COMMUNITY
979,10,AMERSID,54365,COMMUNITY
980,10,AMOUGUER,52422,COMMUNITY
981,10,ANEMZI,54524,COMMUNITY
982,10,BOU AZMOU,52433,COMMUNITY
983,10,BOUMIA,54154,COMMUNITY
984,10,ERRICH,52400,COMMUNITY
985,10,GOURRAMA,52302,COMMUNITY
986,10,GUERS TIALLALINE,52402,COMMUNITY
987,10,GUIR,52405,COMMUNITY
988,10,IMILCHIL,52403,COMMUNITY
989,10,ITZER,54252,COMMUNITY
990,10,MIBLADEN,54373,COMMUNITY
991,10,MIDELT,54350,COMMUNITY
992,10,MZIZIL TILLECHTE,52423,COMMUNITY
993,10,NZALA AIT IZDEG,52424,COMMUNITY
994,10,OUTERBAT,52432,COMMUNITY
995,10,SIDI AAYAD,52434,COMMUNITY
996,10,SIDI YAHIA O YOUSSEF,54523,COMMUNITY
997,10,TAAKIT,54374,COMMUNITY
998,10,TAGHZOUTE CHORAFA,54376,COMMUNITY
999,10,TAMAYOUSTE,54273,COMMUNITY
1000,10,TANOURDI,54366,COMMUNITY
1001,10,TOUNFITE,54502,COMMUNITY
1002,10,ZAIDA,54375,COMMUNITY
1003,10,ZAOUIA SIDI HAMZA,52425,COMMUNITY
1004,4,AIN HARROUDA,28630,COMMUNITY
1005,4,BENI YAKHLEF,28815,COMMUNITY
1006,4,ECH CHALLALATE,28822,COMMUNITY
1007,4,SIDI MOUSSA BEN ALI,28814,COMMUNITY
1008,4,SIDI MOUSSA MAJDOUB,28823,COMMUNITY
1009,5,AIN BOU ALI,36156,COMMUNITY
1010,5,AIN CHKEF,36122,COMMUNITY
1011,5,AIN KANSARA,36222,COMMUNITY
1012,5,HAMRIA,36123,COMMUNITY
1013,5,LAAJAJRA,36124,COMMUNITY
1014,5,LOUADAINE,36162,COMMUNITY
1015,5,MIKKES,36125,COMMUNITY
1016,5,MOULAY YACOUB,36150,COMMUNITY
1017,5,SEBAA ROUADI,36104,COMMUNITY
1018,5,SEBT LOUDAYA,36155,COMMUNITY
1019,5,SIDI AHMED EL BERNOUSSI,36152,COMMUNITY
1020,5,SIDI DAOUD,36172,COMMUNITY
1021,5,SOUK SEBT OULAD MIMOUN,36126,COMMUNITY
1022,3,AAZANEN,62022,COMMUNITY
1023,3,AFSOU,62822,COMMUNITY
1024,3,AIT MAIT,62254,COMMUNITY
1025,3,AL AAROUI,62550,COMMUNITY
1026,3,AL BARKANYENE,62035,COMMUNITY
1027,3,BENI BOU IFROUR,62672,COMMUNITY
1028,3,BNI ANSAR,62050,COMMUNITY
1029,3,BNI OUKIL,60032,COMMUNITY
1030,3,BNI OUKIL OULAD MHAND,62042,COMMUNITY
1031,3,BNI SIDEL LOUTA,62872,COMMUNITY
1032,3,BOUARG,62023,COMMUNITY
1033,3,FARKHANA,62024,COMMUNITY
1034,3,HAD BNI CHIKER,62302,COMMUNITY
1035,3,HASSI BERKANE,62902,COMMUNITY
1036,3,IHADDADENE,62673,COMMUNITY
1037,3,IKSANE,62034,COMMUNITY
1038,3,KARIAT ARKMANE,62352,COMMUNITY
1039,3,MECHRA KLILA,62025,COMMUNITY
1040,3,MONTE ARRUI,62553,COMMUNITY
1041,3,OULAD DAOUD ZKHANINE,62922,COMMUNITY
1042,3,OULAD SETTOUT,62043,COMMUNITY
1043,3,RAS EL MA,62602,COMMUNITY
1044,3,SELOUANE,62702,COMMUNITY
1045,3,TAOUIMA,62026,COMMUNITY
1046,3,TIZTOUTINE,62802,COMMUNITY
1047,3,TLETA JBEL,62852,COMMUNITY
1048,3,ZAIO,62900,COMMUNITY
1049,3,ZEGHANGHANE,62650,COMMUNITY
1050,4,BEN ABID,27222,COMMUNITY
1051,4,BOUSKOURA,27182,COMMUNITY
1052,4,DAR BOUAZZA,27223,COMMUNITY
1053,4,NOUACEUR,27000,COMMUNITY
1054,4,OULAD AZZOUZ,25323,COMMUNITY
1055,4,OULAD SALAH,27184,COMMUNITY
1056,4,SOUK JEMAA SIDI EL AYACHI,27123,COMMUNITY
1057,10,AIT BEN HADDOU,45122,COMMUNITY
1058,10,AIT RIDI,45222,COMMUNITY
1059,10,AIT SEDRATE JBEL,45172,COMMUNITY
1060,10,AIT SEDRATE JBEL EL SOUFLA,45154,COMMUNITY
1061,10,AIT ZINEB,45103,COMMUNITY
1062,10,AMERZGANE,45102,COMMUNITY
1063,10,ANMITER OUNILLA,45273,COMMUNITY
1064,10,ANZAL,45772,COMMUNITY
1065,10,ASDIF,45773,COMMUNITY
1066,10,AZNAGUEN,45104,COMMUNITY
1067,10,BOUAZZER,45774,COMMUNITY
1068,10,DOUAR SOUR,45272,COMMUNITY
1069,10,GHESSATE,45022,COMMUNITY
1070,10,GUERNANE,45025,COMMUNITY
1071,10,IDELSANE,45522,COMMUNITY
1072,10,IGHIL NOUMGOUN,45156,COMMUNITY
1073,10,IGHREM NOUGDAL,45253,COMMUNITY
1074,10,IMASSINE,45523,COMMUNITY
1075,10,IMI NOULAOUEN,45872,COMMUNITY
1076,10,IMINI,45123,COMMUNITY
1077,10,KHOUZAMA,45775,COMMUNITY
1078,10,OUISSELSATE,45105,COMMUNITY
1079,10,OUSSIKIS AIT AZZA,45472,COMMUNITY
1080,10,SIROUA,45106,COMMUNITY
1081,10,SKOURA AHL AL OUST,45502,COMMUNITY
1082,10,TABERKHACHTE,45224,COMMUNITY
1083,10,TABOURAHTE,45023,COMMUNITY
1084,10,TALOUET,45252,COMMUNITY
1085,10,TAMDAKHTE,45124,COMMUNITY
1086,10,TAZNAKHT,45750,COMMUNITY
1087,10,TIDLI,45112,COMMUNITY
1088,10,TIOUINE,45024,COMMUNITY
1089,10,TOUDGHA,45824,COMMUNITY
1090,10,TOUNDOUTE,45852,COMMUNITY
1091,10,ZAOUIT EL BIR,45372,COMMUNITY
1092,11,BIR ANZARANE,73016,COMMUNITY
1093,11,DAKHLA,73000,COMMUNITY
1094,11,EL ARGOUB,73014,COMMUNITY
1095,11,GLEIBAT EL FOULA,73006,COMMUNITY
1096,11,IMLILI,73015,COMMUNITY
1097,11,MIJIK,73012,COMMUNITY
1098,11,OUM DREYGA,73013,COMMUNITY
1099,9,AIN BEIDA,91022,COMMUNITY
1100,9,AIN DORIJ,16222,COMMUNITY
1101,9,ASJEN,91024,COMMUNITY
1102,9,BNI QUOLLA,16224,COMMUNITY
1103,9,BRIKCHA,91026,COMMUNITY
1104,9,KALAAT BOUQORRA,91154,COMMUNITY
1105,9,LAMJAARA,16204,COMMUNITY
1106,9,MASMOUDA,16205,COMMUNITY
1107,9,MOKRISSET,91152,COMMUNITY
1108,9,MZEFROUNE,16206,COMMUNITY
1109,9,OUNNANA,16225,COMMUNITY
1110,9,SEBT RMEL,16223,COMMUNITY
1111,9,SIDI AHMED CHERIF,16032,COMMUNITY
1112,9,SIDI BOUSBER,16004,COMMUNITY
1113,9,SIDI REDOUANE,16202,COMMUNITY
1114,9,TEROUAL,16252,COMMUNITY
1115,9,ZGHIRA,16212,COMMUNITY
1116,9,ZOUMI,91202,COMMUNITY
1117,3,ZOUDJ BGHAL,60024,COMMUNITY
1118,3,AEREPORT OUJDA ANGAD,60023,COMMUNITY
1119,3,AHL ANGAD,60085,COMMUNITY
1120,3,AIN ES SFA,60005,COMMUNITY
1121,3,BNI DRAR,60350,COMMUNITY
1122,3,BNI KHALED,60064,COMMUNITY
1123,3,EL BESSARA,60006,COMMUNITY
1124,3,ISLY,60086,COMMUNITY
1125,3,MESTEFERKI,60025,COMMUNITY
1126,3,NAIMA,60070,COMMUNITY
1127,3,SIDI BOULENOUAR,60065,COMMUNITY
1128,3,SIDI MOUSSA LEMHAYA,60066,COMMUNITY
1129,3,SIDI YAHIA D'OUJDA,60700,COMMUNITY
1130,8,AIT HAMMOU,43175,COMMUNITY
1131,8,AIT TALEB,43412,COMMUNITY
1132,8,AKERMA,43222,COMMUNITY
1133,8,BENGUERIR,43150,COMMUNITY
1134,8,BOURROUS,43304,COMMUNITY
1135,8,HAD JAAFRA,43422,COMMUNITY
1136,8,JAIDATE,43223,COMMUNITY
1137,8,JBILATE,43406,COMMUNITY
1138,8,LAMHARRA,43324,COMMUNITY
1139,8,NZALATE LAADIM,43302,COMMUNITY
1140,8,OULAD AAMER TIZMARINE,43174,COMMUNITY
1141,8,OULAD HASSOUNE HAMRI,43176,COMMUNITY
1142,8,OULAD IMLOUL,43305,COMMUNITY
1143,8,RAS AIN RHAMNA,43306,COMMUNITY
1144,8,SEBT BRIKYINE,43173,COMMUNITY
1145,8,SIDI ABDALLAH,43423,COMMUNITY
1146,8,SIDI ALI LABRAHLA,43403,COMMUNITY
1147,8,SIDI BOU OTHMANE,43303,COMMUNITY
1148,8,SIDI BOUBKER,43322,COMMUNITY
1149,8,SIDI GHANEM,43424,COMMUNITY
1150,8,SIDI MANSOUR,43404,COMMUNITY
1151,8,SKHOUR REHAMNA,43402,COMMUNITY
1152,8,SKOURA LHADRA,43405,COMMUNITY
1153,8,TLAUH,43312,COMMUNITY
1154,8,TNINE BOUCHANE,43154,COMMUNITY
1155,8,TNINE MHARA,43323,COMMUNITY
1156,8,ARBAA KHATTAZAKARNE,46022,COMMUNITY
1157,8,ATOUABET,46172,COMMUNITY
1158,8,BEDDOUZA,46023,COMMUNITY
1159,8,CHAHDA,46044,COMMUNITY
1160,8,DAR SI AISSA,46026,COMMUNITY
1161,8,EL GOURAANI,46042,COMMUNITY
1162,8,HAD HARARA,46006,COMMUNITY
1163,8,JAMAAT SHAIM,46100,COMMUNITY
1164,8,KHEMIS NGA,46173,COMMUNITY
1165,8,LAAMAMRA,46153,COMMUNITY
1166,8,LABKHATI,46122,COMMUNITY
1167,8,LAHDAR,46043,COMMUNITY
1168,8,LAMAACHATE,46154,COMMUNITY
1169,8,LAMRASLA,46175,COMMUNITY
1170,8,LAMSABIH,46125,COMMUNITY
1171,8,MOUL BERGUI,46123,COMMUNITY
1172,8,OULED SELMANE,46035,COMMUNITY
1173,8,SAADLA,46155,COMMUNITY
1174,8,SEBT GZOULA,46150,COMMUNITY
1175,8,SIDI TIJI,46024,COMMUNITY
1176,8,SOUIRA KEDIMA,46025,COMMUNITY
1177,8,SOUK EYR,46034,COMMUNITY
1178,8,TLETA SIDI AISSA,46124,COMMUNITY
1179,8,TLETA SIDI BOUGUEDRA,46252,COMMUNITY
1180,8,TNINE RHIATE,46174,COMMUNITY
1181,6,AMEUR,11043,COMMUNITY
1182,6,ARBAA SHOUL,11022,COMMUNITY
1183,6,BOUKNADEL,11052,COMMUNITY
1184,6,EL ARJATE,11023,COMMUNITY
1185,6,SALA AL JADIDA,11102,COMMUNITY
1186,5,AIN CHEGGAG,31052,COMMUNITY
1187,5,AIN TIMGUENAI,31204,COMMUNITY
1188,5,AIOUN SENAME,31022,COMMUNITY
1189,5,AIT SEBAA,31272,COMMUNITY
1190,5,ARHBALOU AKORARE,31023,COMMUNITY
1191,5,AZZABA,31002,COMMUNITY
1192,5,BHALIL,31100,COMMUNITY
1193,5,BIR TAMTAM,31152,COMMUNITY
1194,5,DAR EL HAMRA,31026,COMMUNITY
1195,5,EL ADREJ,31003,COMMUNITY
1196,5,EL MENZEL,31200,COMMUNITY
1197,5,IGHEZREN,31372,COMMUNITY
1198,5,IGHZRANE,31205,COMMUNITY
1199,5,IMOUZZER KANDAR,31250,COMMUNITY
1200,5,KANDAR SIDI KHIAR,31014,COMMUNITY
1201,5,LAANOUSSAR,31015,COMMUNITY
1202,5,MTARNARGHA,31222,COMMUNITY
1203,5,OULED M'KOUDOU,31202,COMMUNITY
1204,5,RAS TABOUDA,31302,COMMUNITY
1205,5,RIBATE EL KHEIR,31350,COMMUNITY
1206,5,SIDI LAHCEN EL YOUSSI,31025,COMMUNITY
1207,5,SIDI YOUSSEF BEN AHMED SENHAJA,31024,COMMUNITY
1208,5,TAFAJIGHT,31032,COMMUNITY
1209,5,TAZOUTA,31004,COMMUNITY
1210,5,ZAOUIA BOUGRINE,31223,COMMUNITY
1211,5,ZAOUIAT EL KERMATE,31273,COMMUNITY
1212,4,AIN DORBANE,26053,COMMUNITY
1213,4,AIN NZARH,26022,COMMUNITY
1214,4,ARBA OULAD BOU ALI,26272,COMMUNITY
1215,4,BEN AHMED,26050,COMMUNITY
1216,4,BNI KHLOUG,26152,COMMUNITY
1217,4,BNI YAGRINE,26014,COMMUNITY
1218,4,BOUGUARGOUH,26054,COMMUNITY
1219,4,DAR CHAFFAI,26172,COMMUNITY
1220,4,DEROUA OULAD ZIANE,26202,COMMUNITY
1221,4,DOUAR OULED NACEUR,26573,COMMUNITY
1222,4,EL BOROUJ,26250,COMMUNITY
1223,4,GHNIMIYNE,26473,COMMUNITY
1224,4,GUISSER,26352,COMMUNITY
1225,4,HAD MZOURA,26023,COMMUNITY
1226,4,IMFOUT,26672,COMMUNITY
1227,4,KHEMIS GDANA,26522,COMMUNITY
1228,4,KHEMISSET CHAOUIA,26015,COMMUNITY
1229,4,KRAKRA,26273,COMMUNITY
1230,4,LAHLAF MZAB,26055,COMMUNITY
1231,4,LAHOUAZA,26016,COMMUNITY
1232,4,LAKHZAZRA,26056,COMMUNITY
1233,4,MECHRA BEN ABBOU,26673,COMMUNITY
1234,4,MESKOURA,26703,COMMUNITY
1235,4,MGARTO,26072,COMMUNITY
1236,4,MNIAA,26062,COMMUNITY
1237,4,MRIZIG,26622,COMMUNITY
1238,4,MZAMZA JANOUBIA,26066,COMMUNITY
1239,4,NKHILA,26722,COMMUNITY
1240,4,OUED BERS,26472,COMMUNITY
1241,4,OUED NAANAA,26572,COMMUNITY
1242,4,OULAD AAFIF,26025,COMMUNITY
1243,4,OULAD AMERA,26682,COMMUNITY
1244,4,OULAD BELKACEM,26274,COMMUNITY
1245,4,OULAD CHBANA,26063,COMMUNITY
1246,4,OULAD DRISS,26275,COMMUNITY
1247,4,OULAD HAMMOU,26276,COMMUNITY
1248,4,OULAD MHAMED,26073,COMMUNITY
1249,4,OULAD MRAH,26032,COMMUNITY
1250,4,OULAD N'JIMA,26173,COMMUNITY
1251,4,OULAD SAID,26502,COMMUNITY
1252,4,OULAD ZIANE,26422,COMMUNITY
1253,4,OULED ZIDANE,26312,COMMUNITY
1254,4,RAS EL AIN,26552,COMMUNITY
1255,4,RIMA,26372,COMMUNITY
1256,4,SEBT OULAD FRIHA,26024,COMMUNITY
1257,4,SGAMNA,26064,COMMUNITY
1258,4,SIDI ABDELKRIM,26065,COMMUNITY
1259,4,SIDI AHMED EL KHADIR,26174,COMMUNITY
1260,4,SIDI BOUMEHDI,26704,COMMUNITY
1261,4,SIDI DAHBI,26074,COMMUNITY
1262,4,SIDI EL AIDI,26026,COMMUNITY
1263,4,SIDI HAJJAJ,26600,COMMUNITY
1264,4,SIDI MOHAMMED BEN RAHAL,26033,COMMUNITY
1265,4,SIDI RAHHAL CHAOUIA,26652,COMMUNITY
1266,4,SIDI RAHHAL PLAGE,26175,COMMUNITY
1267,4,SIDI SAID MAACHOU,26474,COMMUNITY
1268,4,TAMADROUST,26034,COMMUNITY
1269,4,TLETA AIN BLAL,26674,COMMUNITY
1270,4,TLETA LOULAD,26700,COMMUNITY
1271,4,TLETA OULAD FARES,26623,COMMUNITY
1272,4,TLETA OULAD SGHIR,26232,COMMUNITY
1273,4,TNINE TOUALET,26675,COMMUNITY
1274,4,ZEMAMRA CHAOUIA,26676,COMMUNITY
1275,4,ARBAA AOUNATE,24052,COMMUNITY
1276,4,BNI TSIRISS,24355,COMMUNITY
1277,4,BOUHMAME,24362,COMMUNITY
1278,4,EL HAGAGCHA,24223,COMMUNITY
1279,4,EL MECHREK,24373,COMMUNITY
1280,4,JABRIA,24363,COMMUNITY
1281,4,KHEMIS KSIBA,24072,COMMUNITY
1282,4,KOUDIAT BNI DGHOUGH,24364,COMMUNITY
1283,4,KRIDID,24026,COMMUNITY
1284,4,LAATATRA,24365,COMMUNITY
1285,4,LAGHNADRA,24203,COMMUNITY
1286,4,MATRANN,24073,COMMUNITY
1287,4,MTAL,24372,COMMUNITY
1288,4,OUALIDIA,24252,COMMUNITY
1289,4,OULAD BOUSSAKEN,24366,COMMUNITY
1290,4,OULAD SBAITA,24204,COMMUNITY
1291,4,OULAD SI BOUHYA,24374,COMMUNITY
1292,4,OULED AMRANE,24004,COMMUNITY
1293,4,SEBT BENI HLAL,24352,COMMUNITY
1294,4,SIDI BENNOUR,24350,COMMUNITY
1295,4,TAMDA,24375,COMMUNITY
1296,4,TNINE GHARBIA,24452,COMMUNITY
1297,4,LAAMRIA,24376,COMMUNITY
1298,12,AIT ERKHA,85052,COMMUNITY
1299,12,ANFEG,85272,COMMUNITY
1300,12,ARBAA AIT ABDELLAH,85522,COMMUNITY
1301,12,BOUTROUCH,85275,COMMUNITY
1302,12,IBDAR,85274,COMMUNITY
1303,12,JEMAA NTIGHIRT,85252,COMMUNITY
1304,12,MESTI,85302,COMMUNITY
1305,12,MIRLEFT,85352,COMMUNITY
1306,12,SBOUYA,85203,COMMUNITY
1307,12,SEBT ENNABOUR,85273,COMMUNITY
1308,12,SIDI ABDELLAH OU BELAID,85072,COMMUNITY
1309,12,SIDI IFNI,85200,COMMUNITY
1310,12,TANGARFA,85622,COMMUNITY
1311,12,TIOURHZA,85502,COMMUNITY
1312,12,TLETA EL AKHSASS,85550,COMMUNITY
1313,12,TNINE AMELLOU,85602,COMMUNITY
1314,6,AIN DEFFALI,16052,COMMUNITY
1315,6,BAB TIOUKA,16012,COMMUNITY
1316,6,BIR TALEB,16022,COMMUNITY
1317,6,BNI OUAL,16054,COMMUNITY
1318,6,CHBANATE,16033,COMMUNITY
1319,6,DAR GUEDDARI,16010,COMMUNITY
1320,6,DAR LAASLOUJI,16026,COMMUNITY
1321,6,ERMILATE,16153,COMMUNITY
1322,6,HAD KOURT,16050,COMMUNITY
1323,6,JEMAA HAOUAFATE,16172,COMMUNITY
1324,6,JORF EL MELHA,16020,COMMUNITY
1325,6,KHENICHET,16102,COMMUNITY
1326,6,LAMRABIH,16055,COMMUNITY
1327,6,MECHRA BEL KSIRI,16150,COMMUNITY
1328,6,MOULAY ABDELKADER,16056,COMMUNITY
1329,6,NOUIRATE,16173,COMMUNITY
1330,6,OULAD NOUEL,16062,COMMUNITY
1331,6,SEFSAF,16174,COMMUNITY
1332,6,SELFAT,16013,COMMUNITY
1333,6,SIDI AHMED BENAISSA,16063,COMMUNITY
1334,6,SIDI AL KAMEL,16175,COMMUNITY
1335,6,SIDI AMMAR EL HADI,16324,COMMUNITY
1336,6,SIDI AZZOUZ,16072,COMMUNITY
1337,6,SIDI MHAMED CHELH,16064,COMMUNITY
1338,6,TAOUGHILT,16065,COMMUNITY
1339,6,TEKNA,16014,COMMUNITY
1340,6,ZAGOTA,16023,COMMUNITY
1341,6,ZIRARA,16024,COMMUNITY
1342,6,AMEUR CHAMALIA,14206,COMMUNITY
1343,6,AZGHAR,14224,COMMUNITY
1344,6,BOUMAIZ,14203,COMMUNITY
1345,6,DAR BELAMRI,14222,COMMUNITY
1346,6,KCEIBYA,14204,COMMUNITY
1347,6,M'SAADA,14046,COMMUNITY
1348,6,OULAD HCINE,14205,COMMUNITY
1349,6,OULED BEN HAMMADI,14225,COMMUNITY
1350,6,SFAFAA,14223,COMMUNITY
1351,6,SIDI SLIMANE,14200,COMMUNITY
1352,6,SIDI YAHYA DU GHARB,14250,COMMUNITY
1353,6,AIN ATTIG,12013,COMMUNITY
1354,6,AIN EL AOUDA,12100,COMMUNITY
1355,6,EL MENZEH,12123,COMMUNITY
1356,6,MERS EL KHEIR,12025,COMMUNITY
1357,6,OUMAZZA,12122,COMMUNITY
1358,6,SEBBAH,12072,COMMUNITY
1359,6,SIDI YAHIA ZAERS,12152,COMMUNITY
1360,6,SKHIRATE,12050,COMMUNITY
1361,6,TAMESNA,12200,COMMUNITY
1362,12,ABTEH,82022,COMMUNITY
1363,12,BEN KHLIL,82012,COMMUNITY
1364,12,CHBIKA,82013,COMMUNITY
1365,12,EL OUATIA,82010,COMMUNITY
1366,12,M'SIED,82023,COMMUNITY
1367,12,TAN TAN,82000,COMMUNITY
1368,12,TILEMZOUN,82014,COMMUNITY
1369,9,AL MANZLA,90062,COMMUNITY
1370,9,AQUOUASS BRIECH,90064,COMMUNITY
1371,9,ASSILAH,90050,COMMUNITY
1372,9,BOUKHALEF,90063,COMMUNITY
1373,9,DAR CHAOUI,90052,COMMUNITY
1374,9,GZENAYA,90102,COMMUNITY
1375,9,HAD RHARBIA,90302,COMMUNITY
1376,9,HAJR ENHAL,90025,COMMUNITY
1377,9,LKHALOUA,90065,COMMUNITY
1378,9,SAHEL CHAMALI,90066,COMMUNITY
1379,9,SANIA EL JADIDA,90027,COMMUNITY
1380,9,SEBT ZENIATE,90036,COMMUNITY
1381,9,TNINE SIDI EL YAMANI,90054,COMMUNITY
1382,5,AIN AICHA,34252,COMMUNITY
1383,5,AIN BARDA,34122,COMMUNITY
1384,5,AIN LEGDEH,34222,COMMUNITY
1385,5,AIN MAATOUF,34272,COMMUNITY
1386,5,AIN MEDIOUNA,34003,COMMUNITY
1387,5,BAB OUANDAR,34022,COMMUNITY
1388,5,BENI OUNJIL TAFRAOUTE,34172,COMMUNITY
1389,5,BNI KORRA,34005,COMMUNITY
1390,5,BNI OULID,34004,COMMUNITY
1391,5,BNI SNOUS,34053,COMMUNITY
1392,5,BOUADEL,34055,COMMUNITY
1393,5,BOUAROUS,34012,COMMUNITY
1394,5,BOUCHABEL,34072,COMMUNITY
1395,5,BOUHOUDA,34006,COMMUNITY
1396,5,EL BESSABSSA,34223,COMMUNITY
1397,5,EL HADDADA,34023,COMMUNITY
1398,5,FENNASSA BAB EL HIT,34045,COMMUNITY
1399,5,GALAZ,34024,COMMUNITY
1400,5,GHAFSAI,34100,COMMUNITY
1401,5,GHOUAZI,34076,COMMUNITY
1402,5,JBABRA,34073,COMMUNITY
1403,5,KARIA BA MOHAMED,34050,COMMUNITY
1404,5,KHLALFA,34002,COMMUNITY
1405,5,KISSANE,34104,COMMUNITY
1406,5,KLAIA,34123,COMMUNITY
1407,5,LAMKMMEL,34126,COMMUNITY
1408,5,LOULJA,34074,COMMUNITY
1409,5,MESSASSA,34224,COMMUNITY
1410,5,MEZRAOUA,34025,COMMUNITY
1411,5,MKANNSSA,34075,COMMUNITY
1412,5,MKANSA,34054,COMMUNITY
1413,5,MOULAY ABDELKRIM,34083,COMMUNITY
1414,5,MOULAY BOUCHTA,34033,COMMUNITY
1415,5,OUDKA,34105,COMMUNITY
1416,5,OUED JEMAA,34225,COMMUNITY
1417,5,OULAD AYYAD,35224,COMMUNITY
1418,5,OULAD DAOUD,34273,COMMUNITY
1419,5,OULAD SALAH,34124,COMMUNITY
1420,5,OURTZARH,34044,COMMUNITY
1421,5,OUTA BOUABANE,34226,COMMUNITY
1422,5,QUALLALINE,34032,COMMUNITY
1423,5,RAS EL OUED,34232,COMMUNITY
1424,5,RETBA,34102,COMMUNITY
1425,5,RGHIOUA,34026,COMMUNITY
1426,5,SGOURA,34034,COMMUNITY
1427,5,SIDI EL ABED,34082,COMMUNITY
1428,5,SIDI EL MOKHFI,34036,COMMUNITY
1429,5,SIDI HAJ MHAMED,34133,COMMUNITY
1430,5,SIDI MHAMED BEN LAHCEN,34233,COMMUNITY
1431,5,SIDI YAHYA BNI ZEROUAL,34106,COMMUNITY
1432,5,TABOUDA,34014,COMMUNITY
1433,5,TAFRANNT,34013,COMMUNITY
1434,5,TAHAR SOUK,34150,COMMUNITY
1435,5,TAMEDIT,34173,COMMUNITY
1436,5,TAMESNITE,34125,COMMUNITY
1437,5,TAOUNATE,34000,COMMUNITY
1438,5,TIMEZGANA,34042,COMMUNITY
1439,5,TISSA,34200,COMMUNITY
1440,5,TNINE ZGHARIYINE,34132,COMMUNITY
1441,5,ZRIZER,34043,COMMUNITY
1442,3,AHL OUED ZA,65806,COMMUNITY
1443,3,AIN LEHJER,65256,COMMUNITY
1444,3,DEBDOU,65400,COMMUNITY
1445,3,EL AIOUN SIDI MELLOUK,65812,COMMUNITY
1446,3,EL AIOUNE,65450,COMMUNITY
1447,3,EL ATEF,65404,COMMUNITY
1448,3,GTETER,65813,COMMUNITY
1449,3,MECHRA HOUMMADI,65472,COMMUNITY
1450,3,MELG EL OUIDANE,65823,COMMUNITY
1451,3,MESTIGMER,65473,COMMUNITY
1452,3,OULAD MHAMMED,65405,COMMUNITY
1453,3,SIDI ALI BELKASSEM,65406,COMMUNITY
1454,3,TANCHERFI,65474,COMMUNITY
1455,3,TAOURIRT,65800,COMMUNITY
1456,3,SIDI LAHCEN,65822,COMMUNITY
1457,7,AKHFENNIR,70073,COMMUNITY
1458,7,DAOURA,70072,COMMUNITY
1459,7,TAH,70055,COMMUNITY
1460,7,TARFAYA,70050,COMMUNITY
1461,1,AGADIR AEREPORT,86603,COMMUNITY
1462,1,AGADIR MELLOUL,83532,COMMUNITY
1463,1,AHL TIFNOUTE,83172,COMMUNITY
1464,1,AHMAR,83022,COMMUNITY
1465,1,AIT ABDALLAH,83252,COMMUNITY
1466,1,AIT IAAZA,83200,COMMUNITY
1467,1,AIT IGAS,83222,COMMUNITY
1468,1,AIT MAKHLOUF,83012,COMMUNITY
1469,1,AMALOU,83264,COMMUNITY
1470,1,AOULOUZ,83052,COMMUNITY
1471,1,ARBAA ASSADS,83422,COMMUNITY
1472,1,ARBAA ASSAIS,83522,COMMUNITY
1473,1,ARGANA,83102,COMMUNITY
1474,1,ASKAOUN,83152,COMMUNITY
1475,1,ASSAKI,83523,COMMUNITY
1476,1,AZAGHAR NIRS,83265,COMMUNITY
1477,1,AZRAR,83225,COMMUNITY
1478,1,BOUNRAR,83013,COMMUNITY
1479,1,DAR BAHBAZ,83322,COMMUNITY
1480,1,EDDIR,83353,COMMUNITY
1481,1,EL FAID,83072,COMMUNITY
1482,1,EL KOUDIA,83372,COMMUNITY
1483,1,FREIJA,83202,COMMUNITY
1484,1,HAD IGLI,83323,COMMUNITY
1485,1,HAD IMAOUEN,83272,COMMUNITY
1486,1,HAD IMOULASS,83023,COMMUNITY
1487,1,HAD MENIZLA,83032,COMMUNITY
1488,1,IDA OU MOUMEN,83034,COMMUNITY
1489,1,IDA OUGOUMMAD,83303,COMMUNITY
1490,1,IGOUDAR MNABHA,83535,COMMUNITY
1491,1,IGUIDI,83173,COMMUNITY
1492,1,IMI NTAYART,83285,COMMUNITY
1493,1,IMILMAISS,83123,COMMUNITY
1494,1,IOUZIOUA OU NEINE,83073,COMMUNITY
1495,1,IRHERM,83250,COMMUNITY
1496,1,IRHIL NOURHOU,83524,COMMUNITY
1497,1,ISSEN,83374,COMMUNITY
1498,1,KHEMIS ARAZANE,83324,COMMUNITY
1499,1,KHEMIS BIGOUDINE,83122,COMMUNITY
1500,1,KHEMIS TALAGJOUNT,83325,COMMUNITY
1501,1,KSIBA AHL RMEL,83375,COMMUNITY
1502,1,LAKHNAFIF,83423,COMMUNITY
1503,1,LAMHADI,83424,COMMUNITY
1504,1,LAMHARA,83304,COMMUNITY
1505,1,MECHRAA EL AIN,83024,COMMUNITY
1506,1,NOUARA,83223,COMMUNITY
1507,1,OULAD AISSA,83313,COMMUNITY
1508,1,OULAD BERHIL,83300,COMMUNITY
1509,1,OULAD TEIMA,83350,COMMUNITY
1510,1,OULKADI,83273,COMMUNITY
1511,1,OUNEINE,83472,COMMUNITY
1512,1,OUZOUNE,83283,COMMUNITY
1513,1,SEBT EL GUERDANE,83400,COMMUNITY
1514,1,SEBT KFIFATE,83376,COMMUNITY
1515,1,SEBT TATAOUTE,83253,COMMUNITY
1516,1,SIDI ABDELLAH OU SAID,83305,COMMUNITY
1517,1,SIDI AHMED OU ABDALLAH,83014,COMMUNITY
1518,1,SIDI AHMED OU AMAR,83382,COMMUNITY
1519,1,SIDI BOAAL,83255,COMMUNITY
1520,1,SIDI BORJA,83026,COMMUNITY
1521,1,SIDI BOUMOUSSA,83383,COMMUNITY
1522,1,SIDI DAHMANE,83015,COMMUNITY
1523,1,SIDI HSAINE,83525,COMMUNITY
1524,1,SIDI HSAINE OU ALI,85572,COMMUNITY
1525,1,SIDI MOUSSA,83384,COMMUNITY
1526,1,SIDI MOUSSA LHAMRI,83354,COMMUNITY
1527,1,SIDI MZAL,83256,COMMUNITY
1528,1,SIDI OUAAZIZ,83334,COMMUNITY
1529,1,TABIA,83266,COMMUNITY
1530,1,TAFINGOULT,83452,COMMUNITY
1531,1,TAFRAOUTEN,83016,COMMUNITY
1532,1,TALIOUINE,83500,COMMUNITY
1533,1,TALMAKANTE,83103,COMMUNITY
1534,1,TAMALOUKTE,83044,COMMUNITY
1535,1,TANTAMT,83274,COMMUNITY
1536,1,TAOUYALTE,83174,COMMUNITY
1537,1,TAROUDANT,83000,COMMUNITY
1538,1,TASSOUSFI,83526,COMMUNITY
1539,1,TAZZEMMOURTE,83035,COMMUNITY
1540,1,TIDSI NISSENDALENE,83425,COMMUNITY
1541,1,TINDINE,83284,COMMUNITY
1542,1,TINZART,83306,COMMUNITY
1543,1,TIOUTE,83224,COMMUNITY
1544,1,TISFANE,83262,COMMUNITY
1545,1,TISRASSE,83074,COMMUNITY
1546,1,TIZGZAOUINE,83533,COMMUNITY
1547,1,TIZI NTEST,83312,COMMUNITY
1548,1,TLATA AIT TALEB,83036,COMMUNITY
1549,1,TLETA NIHIT,83275,COMMUNITY
1550,1,TNINE ADDAR,83276,COMMUNITY
1551,1,TNINE IDA OU GAILAL,83326,COMMUNITY
1552,1,TNINE TIGOUGA,83332,COMMUNITY
1553,1,TNINE TOUFLAAZT,83282,COMMUNITY
1554,1,TOUBKAL,83175,COMMUNITY
1555,1,TOUGHMART,83333,COMMUNITY
1556,1,TOUMLILINE,83263,COMMUNITY
1557,1,ZAGMOUZEN,83503,COMMUNITY
1558,1,ZAOUIAT SIDI TAHAR,83042,COMMUNITY
1559,1,AGUERD TAMANART,84122,COMMUNITY
1560,1,AGUINANE,84076,COMMUNITY
1561,1,AIT OUABELLI,84072,COMMUNITY
1562,1,AKKA,84050,COMMUNITY
1563,1,AKKA IGHANE,84022,COMMUNITY
1564,1,ALLOUGOUM,84172,COMMUNITY
1565,1,FAM EL HISN,84100,COMMUNITY
1566,1,FOUM ZGUID,84150,COMMUNITY
1567,1,IBN YACOUB,84026,COMMUNITY
1568,1,KASBAT SIDI ABDELLAH BEN MBAREK,84073,COMMUNITY
1569,1,KHEMIS ADDIS,84023,COMMUNITY
1570,1,KHEMIS ISSAFEN,84052,COMMUNITY
1571,1,LAKHRIOUIA,84173,COMMUNITY
1572,1,OUM EL GUERDANE,84024,COMMUNITY
1573,1,TATA,84000,COMMUNITY
1574,1,TIGZMERTE,84003,COMMUNITY
1575,1,TISSINT,84053,COMMUNITY
1576,1,TIZAGHTE,84075,COMMUNITY
1577,1,TIZOUININE,84074,COMMUNITY
1578,1,TLATA TAGMOUTE,84025,COMMUNITY
1579,1,TLITE,84174,COMMUNITY
1580,5,AIN BOUMASSAY,35222,COMMUNITY
1581,5,AIN EL FENDEL,35322,COMMUNITY
1582,5,AIN EL HAMRA,35074,COMMUNITY
1583,5,AKNOUL,35050,COMMUNITY
1584,5,AOURA,35223,COMMUNITY
1585,5,ARBAA BENI FTAH,35002,COMMUNITY
1586,5,BAB BOUIDIR,35022,COMMUNITY
1587,5,BAB EL MROUJ,35003,COMMUNITY
1588,5,BAB MARZOUKA,35004,COMMUNITY
1589,5,BECHIYINE,35023,COMMUNITY
1590,5,BENI ALI,35024,COMMUNITY
1591,5,BENI LENNT,35005,COMMUNITY
1592,5,BENI MGARA,35272,COMMUNITY
1593,5,BOUCHFAA,35273,COMMUNITY
1594,5,BOUHLOU,35274,COMMUNITY
1595,5,BOURED,35053,COMMUNITY
1596,5,BOUYABLANE,35303,COMMUNITY
1597,5,BOUZEMLANE,35202,COMMUNITY
1598,5,BRARHA,35065,COMMUNITY
1599,5,EL GOUZAT,35172,COMMUNITY
1600,5,GUELDAMANE,35025,COMMUNITY
1601,5,GZENAYA AL JANOUBIA,35076,COMMUNITY
1602,5,HAD MSILA,35152,COMMUNITY
1603,5,HAD OULAD ZBAIR,35042,COMMUNITY
1604,5,IFRANE AIT ASSOU,35323,COMMUNITY
1605,5,INAHNAHEN,35075,COMMUNITY
1606,5,JBARNA,35072,COMMUNITY
1607,5,KAHF EL RHAR,35044,COMMUNITY
1608,5,KAOUANE,35275,COMMUNITY
1609,5,KASSARAT,35422,COMMUNITY
1610,5,MAHIRIJA,35103,COMMUNITY
1611,5,MATMATA,35203,COMMUNITY
1612,5,MEKNASSA ACHARQIA,35006,COMMUNITY
1613,5,MERHRAOUA,35012,COMMUNITY
1614,5,MSOUN,35026,COMMUNITY
1615,5,OUED AMLIL,35250,COMMUNITY
1616,5,OUED EL MALEH,35423,COMMUNITY
1617,5,OUED LAHMAR,35424,COMMUNITY
1618,5,OULAD CHRIF,35046,COMMUNITY
1619,5,RBAA EL FOUKI,35253,COMMUNITY
1620,5,RCHIDA,35122,COMMUNITY
1621,5,SEBT BNI FRASSEN,35013,COMMUNITY
1622,5,SIDI ALI BENNACER,35324,COMMUNITY
1623,5,SIDI ALI BOURAKBA,35372,COMMUNITY
1624,5,SKOURA SEGHROUCHEN,33352,COMMUNITY
1625,5,SMIAA,35325,COMMUNITY
1626,5,TAHLA,35300,COMMUNITY
1627,5,TAINESTE,35014,COMMUNITY
1628,5,TAZARINE MSARA,35062,COMMUNITY
1629,5,TIGHEZRATINE,35073,COMMUNITY
1630,5,TIGHZA,35123,COMMUNITY
1631,5,TIZI OUZLI,35352,COMMUNITY
1632,5,TLATA TRAIBA,35056,COMMUNITY
1633,5,TNINE TAIFA,35045,COMMUNITY
1634,5,TOUAHAR,35036,COMMUNITY
1635,5,ZAOUIA SIDI ABDEJLIL,35225,COMMUNITY
1636,5,ZERARDA,35402,COMMUNITY
1637,9,AIN LAHSAN,93054,COMMUNITY
1638,9,AL HAMRA,93066,COMMUNITY
1639,9,AL KHRROUB,93036,COMMUNITY
1640,9,AL OUED,93042,COMMUNITY
1641,9,ASMATEN,93015,COMMUNITY
1642,9,AZLA,93022,COMMUNITY
1643,9,BENI YDER,93023,COMMUNITY
1644,9,BGHAGHZA,90072,COMMUNITY
1645,9,BNI HARCHEN,93062,COMMUNITY
1646,9,BNI KARRICH FOUKI,93052,COMMUNITY
1647,9,BNI LEIT,93043,COMMUNITY
1648,9,BNI SAID,93044,COMMUNITY
1649,9,DAR BEN SADDOUK,93024,COMMUNITY
1650,9,EL FENDEQ,93026,COMMUNITY
1651,9,JEMAA EL OUED,93033,COMMUNITY
1652,9,MALLALIENNE,93063,COMMUNITY
1653,9,OUED LAOU,93250,COMMUNITY
1654,9,OULAD ALI MANSOUR,93045,COMMUNITY
1655,9,SADDINA,93064,COMMUNITY
1656,9,SAHTRYINE,93046,COMMUNITY
1657,9,SOUK KDIM,93065,COMMUNITY
1658,9,ZAITOUNE,93053,COMMUNITY
1659,9,ZAOUIA SIDI KACEM,93032,COMMUNITY
1660,10,AIT EL FARSI,45672,COMMUNITY
1661,10,AIT HANI,52122,COMMUNITY
1662,10,AIT OUASSIF,45153,COMMUNITY
1663,10,AIT SEDRATE JBEL EL OULIA,45174,COMMUNITY
1664,10,AIT SEDRATE SAHL CHARKIA,45223,COMMUNITY
1665,10,AIT SEDRATE SAHL EL GHARBIA,45155,COMMUNITY
1666,10,AIT YOUL,45173,COMMUNITY
1667,10,ALNIF,52452,COMMUNITY
1668,10,ASSOUL,52102,COMMUNITY
1669,10,BOUMALNE DADES,45150,COMMUNITY
1670,10,EL KELAA MGOUNA,45200,COMMUNITY
1671,10,HSSYIA,52473,COMMUNITY
1672,10,IKNIOUEN,45302,COMMUNITY
1673,10,IMIDER,45822,COMMUNITY
1674,10,KHEMIS DADES,45352,COMMUNITY
1675,10,MSEMRIR,45452,COMMUNITY
1676,10,MSSICI,52474,COMMUNITY
1677,10,OUAKLIM,45823,COMMUNITY
1678,10,TARHZOUTE NAIT ATTA,45652,COMMUNITY
1679,10,TILMI,45473,COMMUNITY
1680,10,TINGHIR,45800,COMMUNITY
1681,1,ADAY ALMEZOUARTE,85122,COMMUNITY
1682,1,AGLOU PLAGE,85032,COMMUNITY
1683,1,AIT BRAHIM OU YOUSSEF,85172,COMMUNITY
1684,1,AIT ISSAFEN,85133,COMMUNITY
1685,1,AMMELNE,85455,COMMUNITY
1686,1,ANAMEUR,85472,COMMUNITY
1687,1,ANEZI,85103,COMMUNITY
1688,1,ARBA AIT AHMED,85123,COMMUNITY
1689,1,ARBAA RAS MOUKA,85152,COMMUNITY
1690,1,ARBAA SAHEL,85002,COMMUNITY
1691,1,BOUZERZ,85044,COMMUNITY
1692,1,EL KREIMA,85034,COMMUNITY
1693,1,EL MAADER EL KEBIR,85022,COMMUNITY
1694,1,HAD AFFELA IRHIR,85473,COMMUNITY
1695,1,HAD RAGGADA,85023,COMMUNITY
1696,1,HAD TAHALA,85452,COMMUNITY
1697,1,IGHIR MELLOULEN,85024,COMMUNITY
1698,1,IGHREM OULAD JERRAR,85042,COMMUNITY
1699,1,IZERBI,85474,COMMUNITY
1700,1,JEMAA IDA OUSSEMLAL,85134,COMMUNITY
1701,1,KHEMIS AIT OUFKA,85484,COMMUNITY
1702,1,LAOUINA,85026,COMMUNITY
1703,1,OU MESNATE,85475,COMMUNITY
1704,1,OULAD JERRAR,85025,COMMUNITY
1705,1,OULED NOUMMEUR,85043,COMMUNITY
1706,1,SEBT BOUNAAMANE,85402,COMMUNITY
1707,1,SEBT OUIJJANE,85003,COMMUNITY
1708,1,SEBT TAFRAOUTE,83025,COMMUNITY
1709,1,SIDI BOUABDELLI,85422,COMMUNITY
1710,1,SIDI MBARK,85553,COMMUNITY
1711,1,TAFRAOUT,85450,COMMUNITY
1712,1,TAFRAOUT EL MOULOUD,85124,COMMUNITY
1713,1,TAFRAOUTE NAIT DAOUD,85423,COMMUNITY
1714,1,TANFIT AIT OUMZIL,85476,COMMUNITY
1715,1,TIFERMITE,85125,COMMUNITY
1716,1,TIRHMI,85102,COMMUNITY
1717,1,TIZNIT,85000,COMMUNITY
1718,1,TIZOUGHANE,85483,COMMUNITY
1719,1,TLATA IDA GOUGMAR,85126,COMMUNITY
1720,1,TLETA TASSRIRT,85486,COMMUNITY
1721,1,TLETA TIDLI,85482,COMMUNITY
1722,1,TNINE AGLOU,85004,COMMUNITY
1723,1,TNINE TARSOUAT,85485,COMMUNITY
1724,1,TOUBOUZAR,85033,COMMUNITY
1725,1,ZAOUIA SIDI AHMED OU MOUSSA,85132,COMMUNITY
1726,8,ATIAMIM,46072,COMMUNITY
1727,8,ECHEMMAIA,46053,COMMUNITY
1728,8,ESBIAAT,46322,COMMUNITY
1729,8,HAD RAS EL AIN,43202,COMMUNITY
1730,8,JDOUR,46073,COMMUNITY
1731,8,JNANE BOUIH,46082,COMMUNITY
1732,8,LAKHOUALQA,46074,COMMUNITY
1733,8,RAS EL AIN,46203,COMMUNITY
1734,8,RAS EL AIN AHMAR,46075,COMMUNITY
1735,8,SIDI AHMED GUENTOUR,46202,COMMUNITY
1736,8,SIDI CHIKER,46076,COMMUNITY
1737,8,TLETA IRHOUD,46052,COMMUNITY
1738,8,YOUSSOUFIA,46300,COMMUNITY
1739,10,AFELLA NDRA,47053,COMMUNITY
1740,10,AFRA,47076,COMMUNITY
1741,10,AGDZ,47050,COMMUNITY
1742,10,AIT BOUDAOUD,47054,COMMUNITY
1743,10,AIT OUALLAL,47723,COMMUNITY
1744,10,AIT SAOUN,47072,COMMUNITY
1745,10,BLEIDA,47926,COMMUNITY
1746,10,BNI ZOLI,47922,COMMUNITY
1747,10,BOUZEROUAL,47925,COMMUNITY
1748,10,DOUAR SITE,47725,COMMUNITY
1749,10,EL BLIDA,47572,COMMUNITY
1750,10,ERROUHA,47903,COMMUNITY
1751,10,FEZOUATA,47622,COMMUNITY
1752,10,KTAOUA,47904,COMMUNITY
1753,10,MEZGUITA,47055,COMMUNITY
1754,10,MHAMID GHIZLANE,47402,COMMUNITY
1755,10,NESRATE,47573,COMMUNITY
1756,10,NKOB,47702,COMMUNITY
1757,10,OULAD DRISS EL GHOUZLANE,47422,COMMUNITY
1758,10,OULAD YAHIA LAGRAIRE,47056,COMMUNITY
1759,10,TAFTECHNA,47724,COMMUNITY
1760,10,TAGOUNITE,47552,COMMUNITY
1761,10,TAMEGROUTE,47602,COMMUNITY
1762,10,TAMEZMOUTE,47073,COMMUNITY
1763,10,TANSSIFTE,47074,COMMUNITY
1764,10,TARHBALTE,47722,COMMUNITY
1765,10,TAZZARINE,47703,COMMUNITY
1766,10,TERNATA,47923,COMMUNITY
1767,10,TINZOULINE,47924,COMMUNITY
1768,10,ZAGORA,47900,COMMUNITY
1769,10,ZAOUIA KADIRIA,47075,COMMUNITY
1770,10,ZAOUIT SIDI SALAH,47574,COMMUNITY
